ID,DATE,JULIAN_DAY,SAMPLE,DATA_SOURCE,WATERSHED,STREAM,SITE,SPEC,SEX,CL,MASS,Area,C_philadelphica,C_ingens,C_fallax,P_alcicornis,C_heterognatha,B_illuminatus,X_instabilius,A_koronaeus,C_branchiophila,Xironodrilus,invaded
MAGN_1_1A,6/8/2013,159,1_1A,MAGN,new,sink,SC01_SC08,scio,M1,31.5,9.22,LowerSink,0,5,27,69,0,0,0,4,3,0,FALSE
MAGN_1_1B,6/8/2013,159,1_1B,MAGN,new,sink,SC01_SC08,scio,F,33,10.92,LowerSink,0,5,93,104,0,0,0,11,0,0,FALSE
MAGN_1_1C,6/8/2013,159,1_1C,MAGN,new,sink,SC01_SC08,scio,M2,34.5,15.65,LowerSink,0,6,110,87,0,0,0,4,1,0,FALSE
MAGN_1_2A,6/8/2013,159,1_2A,MAGN,new,sink,SC01_SC08,scio,M2,33.5,10.69,LowerSink,0,2,101,81,0,0,0,10,0,0,FALSE
MAGN_1_2B,6/8/2013,159,1_2B,MAGN,new,sink,SC01_SC08,scio,F,36,17.04,LowerSink,0,10,73,113,0,0,0,7,0,0,FALSE
MAGN_1_2C,6/8/2013,159,1_2C,MAGN,new,sink,SC01_SC08,scio,F,34,13.69,LowerSink,0,3,38,72,0,0,0,12,0,0,FALSE
MAGN_1_3A,6/8/2013,159,1_3A,MAGN,new,sink,SC01_SC08,scio,F,34.5,11.78,LowerSink,0,4,84,85,0,0,0,9,0,0,FALSE
MAGN_1_3B,6/8/2013,159,1_3B,MAGN,new,sink,SC01_SC08,scio,F,32.5,10.05,LowerSink,0,4,106,69,0,0,0,7,0,0,FALSE
MAGN_1_3C,6/8/2013,159,1_3C,MAGN,new,sink,SC01_SC08,scio,M2,26,6.48,LowerSink,0,2,57,33,0,0,0,3,0,0,FALSE
MAGN_1_4A,6/8/2013,159,1_4A,MAGN,new,sink,SC01_SC08,scio,M2,36.5,15.49,LowerSink,0,12,93,111,0,0,0,20,0,0,FALSE
MAGN_1_4B,6/8/2013,159,1_4B,MAGN,new,sink,SC01_SC08,scio,M2,36.5,16.78,LowerSink,0,8,130,115,0,0,0,32,2,0,FALSE
MAGN_1_4C,6/8/2013,159,1_4C,MAGN,new,sink,SC01_SC08,scio,M2,25,5.32,LowerSink,0,1,29,12,0,0,0,2,0,0,FALSE
MAGN_2_1,6/15/2013,166,2_1,MAGN,new,sink,SC01_SC08,scio,F,33.19,13.21,LowerSink,0,9,82,97,0,0,0,18,1,0,FALSE
MAGN_2_11,6/15/2013,166,2_11,MAGN,new,sink,SC01_SC08,scio,M2,34.13,18.21,LowerSink,0,25,30,87,0,0,0,4,1,0,FALSE
MAGN_2_12,6/15/2013,166,2_12,MAGN,new,sink,SC01_SC08,scio,M2,34.67,18.36,LowerSink,0,7,25,52,0,0,0,9,0,0,FALSE
MAGN_2_13,6/15/2013,166,2_13,MAGN,new,sink,SC01_SC08,scio,F,33.36,14.15,LowerSink,0,3,76,66,0,0,0,15,0,0,FALSE
MAGN_2_15,6/15/2013,166,2_15,MAGN,new,sink,SC01_SC08,scio,M2,34.6,15.77,LowerSink,0,3,97,147,0,0,0,6,0,0,FALSE
MAGN_2_2,6/15/2013,166,2_2,MAGN,new,sink,SC01_SC08,scio,F,38.08,21.7,LowerSink,0,6,36,33,0,0,0,15,2,0,FALSE
MAGN_2_4,6/15/2013,166,2_4,MAGN,new,sink,SC01_SC08,scio,F,39.3,24.61,LowerSink,0,4,29,20,0,0,0,12,0,0,FALSE
MAGN_2_5,6/15/2013,166,2_5,MAGN,new,sink,SC01_SC08,scio,F,36.71,18.72,LowerSink,0,5,171,238,0,0,0,24,0,0,FALSE
MAGN_2_6,6/15/2013,166,2_6,MAGN,new,sink,SC01_SC08,scio,M2,40.13,25.8,LowerSink,0,5,86,105,0,0,0,29,5,0,FALSE
MAGN_2_7,6/15/2013,166,2_7,MAGN,new,sink,SC01_SC08,scio,M2,34.48,16.15,LowerSink,0,11,84,73,0,0,0,35,7,0,FALSE
MAGN_2_8,6/15/2013,166,2_8,MAGN,new,sink,SC01_SC08,scio,F,34.17,15.31,LowerSink,0,8,44,71,0,0,0,5,2,0,FALSE
MAGN_2_9,6/15/2013,166,2_9,MAGN,new,sink,SC01_SC08,scio,F,36.44,17.91,LowerSink,0,1,49,48,0,0,0,3,0,0,FALSE
MAGN_3_1,7/18/2013,199,3_1,MAGN,new,sink,SC01_SC08,scio,M2,35.91,15.42,LowerSink,0,6,150,119,0,0,0,8,0,0,FALSE
MAGN_3_2,6/18/2013,169,3_2,MAGN,new,sink,SC01_SC08,scio,M2,34.01,12.82,LowerSink,0,3,116,125,0,0,0,10,0,0,FALSE
MAGN_3_3,6/18/2013,169,3_3,MAGN,new,sink,SC01_SC08,scio,M2,34.97,15.23,LowerSink,0,14,103,113,0,0,0,6,1,0,FALSE
MAGN_3_4,6/18/2013,169,3_4,MAGN,new,sink,SC01_SC08,scio,F,34,14.32,LowerSink,0,8,90,84,0,0,0,13,2,0,FALSE
MAGN_3_5,6/18/2013,169,3_5,MAGN,new,sink,SC01_SC08,scio,F,29.38,9.7,LowerSink,0,4,66,49,0,0,0,0,0,0,FALSE
MAGN_3_6,6/18/2013,169,3_6,MAGN,new,sink,SC01_SC08,scio,F,34.56,12.92,LowerSink,0,6,100,90,0,0,0,11,0,0,FALSE
MAGN_4_1,6/22/2013,173,4_1,MAGN,new,sink,SC01_SC08,scio,M2,33.61,16.9,LowerSink,0,3,40,23,0,0,0,2,0,0,FALSE
MAGN_4_10,6/22/2013,173,4_10,MAGN,new,sink,SC01_SC08,scio,M2,35.28,16.06,LowerSink,0,2,44,42,0,0,0,0,0,0,FALSE
MAGN_4_12,6/22/2013,173,4_12,MAGN,new,sink,SC01_SC08,scio,M2,29.76,10.09,LowerSink,0,4,30,17,0,0,0,8,0,0,FALSE
MAGN_4_2,6/22/2013,173,4_2,MAGN,new,sink,SC01_SC08,scio,F,34.17,15.02,LowerSink,0,2,12,10,0,0,0,2,0,0,FALSE
MAGN_4_3,6/22/2013,173,4_3,MAGN,new,sink,SC01_SC08,scio,F,41.73,28.36,LowerSink,0,2,30,53,0,0,0,2,1,0,FALSE
MAGN_4_5,6/22/2013,173,4_5,MAGN,new,sink,SC01_SC08,scio,M2,36.5,17.27,LowerSink,0,8,69,27,0,0,0,4,2,0,FALSE
MAGN_4_6,6/22/2013,173,4_6,MAGN,new,sink,SC01_SC08,scio,F,34.85,14.2,LowerSink,0,12,45,51,0,0,0,3,5,0,FALSE
MAGN_4_8,6/22/2013,173,4_8,MAGN,new,sink,SC01_SC08,scio,F,27.92,7.68,LowerSink,0,3,22,14,0,0,0,2,0,0,FALSE
MAGN_4_9,6/22/2013,173,4_9,MAGN,new,sink,SC01_SC08,scio,F,39.62,23.95,LowerSink,0,1,10,12,0,0,0,4,0,0,FALSE
MAGN_5_1,7/4/2013,185,5_1,MAGN,new,sink,SC01_SC08,scio,M2,32.44,13.36,LowerSink,0,1,49,16,0,0,0,0,0,0,FALSE
MAGN_5_10,7/4/2013,185,5_10,MAGN,new,sink,SC01_SC08,scio,F,30,10.86,LowerSink,0,1,85,59,0,0,0,7,0,0,FALSE
MAGN_5_11,7/4/2013,185,5_11,MAGN,new,sink,SC01_SC08,scio,F,32,10.43,LowerSink,0,18,115,79,0,0,0,21,4,0,FALSE
MAGN_5_12,7/4/2013,185,5_12,MAGN,new,sink,SC01_SC08,scio,M2,32,11.73,LowerSink,0,0,23,19,0,0,0,0,0,0,FALSE
MAGN_5_2,7/4/2013,185,5_2,MAGN,new,sink,SC01_SC08,scio,F,32,12.32,LowerSink,0,2,23,22,0,0,0,2,0,0,FALSE
MAGN_5_3,7/4/2013,185,5_3,MAGN,new,sink,SC01_SC08,scio,M2,36.5,15.28,LowerSink,0,2,45,48,0,0,0,8,0,0,FALSE
MAGN_5_4,7/4/2013,185,5_4,MAGN,new,sink,SC01_SC08,scio,F,32.5,15.31,LowerSink,0,3,43,50,0,0,0,5,1,0,FALSE
MAGN_5_5,7/4/2013,185,5_5,MAGN,new,sink,SC01_SC08,scio,M2,35,15.74,LowerSink,0,7,48,20,0,0,0,6,0,0,FALSE
MAGN_5_6,7/4/2013,185,5_6,MAGN,new,sink,SC01_SC08,scio,M2,35,21.37,LowerSink,0,3,73,34,0,0,0,4,0,0,FALSE
MAGN_5_7,7/4/2013,185,5_7,MAGN,new,sink,SC01_SC08,scio,M2,30,9.8,LowerSink,0,1,43,31,0,0,0,4,0,0,FALSE
MAGN_5_8,7/4/2013,185,5_8,MAGN,new,sink,SC01_SC08,scio,F,31,10.67,LowerSink,0,5,77,55,0,0,0,9,1,0,FALSE
MAGN_5_9,7/4/2013,185,5_9,MAGN,new,sink,SC01_SC08,scio,M2,30,11.04,LowerSink,0,4,40,36,0,0,0,7,0,0,FALSE
MICRO_BS01,7/20/2012,202,BS01,MICRO,new,bigstoney,BS03,scio,M2,31.98,9.621,UpperBigStoney,0,2,5,28,12,1,7,0,0,0,TRUE
MICRO_BS02,7/20/2012,202,BS02,MICRO,new,bigstoney,BS03,scio,M2,38.82,17.785,UpperBigStoney,0,5,0,14,7,0,9,0,2,0,TRUE
MICRO_BS03,7/20/2012,202,BS03,MICRO,new,bigstoney,BS03,scio,M1,46.68,33.605,UpperBigStoney,0,6,0,44,11,0,14,0,5,0,TRUE
MICRO_BS04,7/20/2012,202,BS04,MICRO,new,bigstoney,BS03,scio,M2,31.96,8.852,UpperBigStoney,0,1,1,19,0,1,1,0,0,0,TRUE
MICRO_BS05,7/20/2012,202,BS05,MICRO,new,bigstoney,BS03,scio,F,34.09,11.029,UpperBigStoney,0,3,5,35,7,2,5,0,8,0,TRUE
MICRO_BS06,7/20/2012,202,BS06,MICRO,new,bigstoney,BS03,scio,F,33.24,10.799,UpperBigStoney,0,7,8,12,6,0,6,0,0,0,TRUE
MICRO_BS07,7/20/2012,202,BS07,MICRO,new,bigstoney,BS03,scio,M1,43.34,23.6,UpperBigStoney,0,5,2,10,37,0,9,0,0,0,TRUE
MICRO_BS08,7/20/2012,202,BS08,MICRO,new,bigstoney,BS03,scio,M1,39.34,20.513,UpperBigStoney,0,3,1,12,7,0,9,0,3,0,TRUE
MICRO_BS09,7/20/2012,202,BS09,MICRO,new,bigstoney,BS03,scio,M1,48.14,42.951,UpperBigStoney,0,6,0,6,8,0,14,0,4,0,TRUE
MICRO_BS10,7/20/2012,202,BS10,MICRO,new,bigstoney,BS03,scio,M1,49.04,43.703,UpperBigStoney,0,7,1,15,50,0,8,0,7,0,TRUE
MICRO_BS11,7/20/2012,202,BS11,MICRO,new,bigstoney,BS03,scio,M1,37.67,16.138,UpperBigStoney,0,4,0,28,20,0,11,0,2,0,TRUE
MICRO_BS12,7/20/2012,202,BS12,MICRO,new,bigstoney,BS03,scio,M1,36.78,14.584,UpperBigStoney,0,2,0,27,13,0,4,0,0,0,TRUE
MICRO_BS13,7/20/2012,202,BS13,MICRO,new,bigstoney,BS03,scio,M2,33.71,10.678,UpperBigStoney,0,10,10,26,5,0,4,0,0,0,TRUE
MICRO_SC01,7/20/2014,201,SC01,MICRO,new,sink,SC01,scio,M2,37.76,19.587,LowerSink,0,4,12,13,0,0,0,3,0,0,FALSE
MICRO_SC02,7/20/2014,201,SC02,MICRO,new,sink,SC01,scio,M2,38.1,17.673,LowerSink,0,2,30,20,0,0,0,5,0,0,FALSE
MICRO_SC03,7/20/2014,201,SC03,MICRO,new,sink,SC01,scio,F,30.83,10.46,LowerSink,0,1,26,15,0,0,0,2,1,0,FALSE
MICRO_SC04,7/20/2014,201,SC04,MICRO,new,sink,SC01,scio,F,35.06,15.301,LowerSink,0,3,14,20,0,0,0,4,0,0,FALSE
MICRO_SC05,7/20/2014,201,SC05,MICRO,new,sink,SC01,scio,F,38.24,18.792,LowerSink,0,6,39,20,0,0,0,28,1,0,FALSE
MICRO_SC06,7/20/2014,201,SC06,MICRO,new,sink,SC01,scio,M2,36.35,16.083,LowerSink,0,2,20,50,0,0,0,5,3,0,FALSE
MICRO_SC07,7/20/2014,201,SC07,MICRO,new,sink,SC01,scio,F,33.02,11.919,LowerSink,0,4,31,23,0,0,0,7,1,0,FALSE
MICRO_SC08,7/20/2014,201,SC08,MICRO,new,sink,SC01,scio,F,28.89,7.821,LowerSink,0,1,20,10,0,0,0,0,0,0,FALSE
MICRO_SC09,7/20/2014,201,SC09,MICRO,new,sink,SC01,scio,M2,34.22,12.52,LowerSink,0,8,22,19,0,0,0,7,2,0,FALSE
MICRO_SC11,7/20/2014,201,SC11,MICRO,new,sink,SC01,scio,M2,34.8,15.302,LowerSink,0,1,24,14,0,0,0,10,2,0,FALSE
MICRO_SC12,7/20/2014,201,SC12,MICRO,new,sink,SC01,scio,F,33.63,12.152,LowerSink,0,5,13,16,0,0,0,5,1,0,FALSE
MICRO_SR01,7/20/2014,201,SR01,MICRO,new,spruce,SR01,scio,F,41.04,22.901,LowerSpruce,3,0,21,0,0,0,0,0,0,0,FALSE
MICRO_SR02,7/20/2014,201,SR02,MICRO,new,spruce,SR01,scio,F,32.3,11.223,LowerSpruce,0,0,6,0,0,0,0,0,0,0,FALSE
MICRO_SR03,7/20/2014,201,SR03,MICRO,new,spruce,SR01,scio,F,37.44,17.963,LowerSpruce,0,0,1,0,0,0,0,0,0,0,FALSE
MICRO_SR04,7/20/2014,201,SR04,MICRO,new,spruce,SR01,scio,F,35.59,14.528,LowerSpruce,2,0,15,0,0,0,0,0,0,0,FALSE
MICRO_SR05,7/20/2014,201,SR05,MICRO,new,spruce,SR01,scio,F,30.75,8.932,LowerSpruce,1,0,0,0,0,0,0,0,0,0,FALSE
MICRO_SR06,7/20/2014,201,SR06,MICRO,new,spruce,SR01,scio,F,33.33,13.688,LowerSpruce,0,0,0,0,0,0,0,0,0,0,FALSE
MICRO_SR07,7/20/2014,201,SR07,MICRO,new,spruce,SR01,scio,F,33.74,13.588,LowerSpruce,2,0,20,0,0,0,0,0,0,0,FALSE
MICRO_SR08,7/20/2014,201,SR08,MICRO,new,spruce,SR01,scio,F,30.59,8.958,LowerSpruce,1,0,1,0,0,0,0,0,0,0,FALSE
MICRO_SR09,7/20/2014,201,SR09,MICRO,new,spruce,SR01,scio,F,35.35,15.353,LowerSpruce,1,0,13,0,0,0,0,0,0,0,FALSE
MICRO_SR10,7/20/2014,201,SR10,MICRO,new,spruce,SR01,scio,F,25.98,6.002,LowerSpruce,0,0,2,0,0,0,0,0,0,0,FALSE
MICRO_SR11,7/20/2014,201,SR11,MICRO,new,spruce,SR01,scio,F,28.7,7.723,LowerSpruce,0,0,1,0,0,0,0,0,0,0,FALSE
MICRO_SR12,7/20/2014,201,SR12,MICRO,new,spruce,SR01,scio,F,34.89,14.108,LowerSpruce,1,0,9,0,0,0,0,0,0,0,FALSE
MICRO_TC01,7/20/2014,201,TC01,MICRO,new,toms,TC01,scio,F,31.22,9.241,Toms,3,0,0,0,0,0,0,0,0,0,TRUE
MICRO_TC02,7/20/2014,201,TC02,MICRO,new,toms,TC01,scio,M2,32.08,9.826,Toms,1,0,0,0,2,0,0,0,0,0,TRUE
MICRO_TC03,7/20/2014,201,TC03,MICRO,new,toms,TC01,scio,M2,34.69,13.602,Toms,4,0,1,0,0,0,0,0,0,0,TRUE
MICRO_TC04,7/20/2014,201,TC04,MICRO,new,toms,TC01,scio,F,30.15,7.728,Toms,0,0,0,0,0,0,0,0,0,0,TRUE
MICRO_TC05,7/20/2014,201,TC05,MICRO,new,toms,TC01,scio,M2,34.15,13.417,Toms,5,0,0,0,0,0,0,0,0,0,TRUE
MICRO_TC06,7/20/2014,201,TC06,MICRO,new,toms,TC01,scio,F,27.32,6.254,Toms,1,0,0,0,0,0,0,0,0,0,TRUE
MICRO_TC07,7/20/2014,201,TC07,MICRO,new,toms,TC01,scio,M2,31.68,10.491,Toms,15,0,0,0,0,0,0,0,0,0,TRUE
MICRO_TC08,7/20/2014,201,TC08,MICRO,new,toms,TC01,scio,M2,31.39,10.741,Toms,12,0,1,0,0,0,0,0,0,0,TRUE
MICRO_TC09,7/20/2014,201,TC09,MICRO,new,toms,TC01,scio,F,31.94,9.314,Toms,3,0,0,0,0,0,0,0,0,0,TRUE
MICRO_TC10,7/20/2014,201,TC10,MICRO,new,toms,TC01,scio,F,30.69,9.43,Toms,3,0,0,0,0,0,0,0,0,0,TRUE
MICRO_TC11,7/20/2014,201,TC11,MICRO,new,toms,TC01,scio,M2,28.41,7.701,Toms,9,0,0,0,0,0,0,0,0,0,TRUE
MICRO_TC12,7/20/2012,202,TC12,MICRO,new,toms,TC01,scio,M2,26.81,5.703,Toms,3,0,0,0,0,0,0,0,0,0,TRUE
QUANT_1_1_1,6/10/2014,161,1_1_1,QUANT,new,sink,SC01,scio,M2,27.55,4.2,LowerSink,0,0,2,2,0,0,0,0,0,0,FALSE
QUANT_1_1_2,6/10/2014,161,1_1_2,QUANT,new,sink,SC01,scio,F,20.32,2.3,LowerSink,0,0,13,6,0,0,0,0,0,0,FALSE
QUANT_1_1_3,6/10/2014,161,1_1_3,QUANT,new,sink,SC01,scio,F,19.1,1.59,LowerSink,0,0,6,2,0,0,0,0,0,0,FALSE
QUANT_1_10_1,6/10/2014,161,1_10_1,QUANT,new,sink,SC01,scio,F,31.93,9.71,LowerSink,0,3,24,28,0,0,0,1,0,0,FALSE
QUANT_1_10_2,6/10/2014,161,1_10_2,QUANT,new,sink,SC01,scio,F,38.45,19.96,LowerSink,0,2,20,20,0,0,0,7,1,0,FALSE
QUANT_1_10_3,6/10/2014,161,1_10_3,QUANT,new,sink,SC01,scio,F,36.44,15.75,LowerSink,0,1,34,26,0,0,0,6,0,0,FALSE
QUANT_1_10_4,6/10/2014,161,1_10_4,QUANT,new,sink,SC01,scio,M1,37.13,20,LowerSink,0,7,10,12,0,0,0,10,2,0,FALSE
QUANT_1_10_5,6/10/2014,161,1_10_5,QUANT,new,sink,SC01,scio,M2,33.91,12.97,LowerSink,0,8,11,68,0,0,0,6,0,0,FALSE
QUANT_1_2_1,6/10/2014,161,1_2_1,QUANT,new,sink,SC01,scio,F,35.19,13.44,LowerSink,0,2,20,36,0,0,0,1,1,0,FALSE
QUANT_1_2_2,6/10/2014,161,1_2_2,QUANT,new,sink,SC01,scio,F,23.16,3.84,LowerSink,0,1,7,11,0,0,0,0,1,0,FALSE
QUANT_1_2_3,6/10/2014,161,1_2_3,QUANT,new,sink,SC01,scio,F,23.2,3.02,LowerSink,0,1,13,13,0,0,0,0,0,0,FALSE
QUANT_1_2_4,6/10/2014,161,1_2_4,QUANT,new,sink,SC01,scio,M2,21.34,1.93,LowerSink,0,0,2,4,0,0,0,0,0,0,FALSE
QUANT_1_2_5,6/10/2014,161,1_2_5,QUANT,new,sink,SC01,scio,F,34.56,12.3,LowerSink,0,0,29,35,0,0,0,0,0,0,FALSE
QUANT_1_2_6,6/10/2014,161,1_2_6,QUANT,new,sink,SC01,scio,M2,22,3.27,LowerSink,0,3,17,9,0,0,0,0,0,0,FALSE
QUANT_1_2_7,6/10/2014,161,1_2_7,QUANT,new,sink,SC01,scio,F,22.51,3.5,LowerSink,0,3,10,8,0,0,0,0,0,0,FALSE
QUANT_1_3_1,6/10/2014,161,1_3_1,QUANT,new,sink,SC01,scio,M2,26.45,5.44,LowerSink,0,0,19,9,0,0,0,0,0,0,FALSE
QUANT_1_3_2,6/10/2014,161,1_3_2,QUANT,new,sink,SC01,scio,M2,19.84,2.2,LowerSink,0,0,8,8,0,0,0,0,0,0,FALSE
QUANT_1_3_3,6/10/2014,161,1_3_3,QUANT,new,sink,SC01,scio,F,23.2,3.46,LowerSink,0,0,12,9,0,0,0,0,1,0,FALSE
QUANT_1_3_4,6/10/2014,161,1_3_4,QUANT,new,sink,SC01,scio,F,19.69,2.07,LowerSink,0,1,3,3,0,0,0,0,0,0,FALSE
QUANT_1_3_5,6/10/2014,161,1_3_5,QUANT,new,sink,SC01,scio,M2,27.41,5.71,LowerSink,0,3,11,7,0,0,0,0,0,0,FALSE
QUANT_1_4_1,6/10/2014,161,1_4_1,QUANT,new,sink,SC01,scio,F,12.9,0.14,LowerSink,0,0,0,0,0,0,0,0,0,0,FALSE
QUANT_1_4_2,6/10/2014,161,1_4_2,QUANT,new,sink,SC01,scio,M2,23.56,4.16,LowerSink,0,1,11,14,0,0,0,0,0,0,FALSE
QUANT_1_4_3,6/10/2014,161,1_4_3,QUANT,new,sink,SC01,scio,M2,22.19,3.11,LowerSink,0,1,10,12,0,0,0,1,1,0,FALSE
QUANT_1_4_4,6/10/2014,161,1_4_4,QUANT,new,sink,SC01,scio,M2,23.3,3.89,LowerSink,0,2,5,5,0,0,0,0,0,0,FALSE
QUANT_1_5_1,6/10/2014,161,1_5_1,QUANT,new,sink,SC01,scio,F,11.54,0.77,LowerSink,0,0,0,0,0,0,0,0,0,0,FALSE
QUANT_1_5_2,6/10/2014,161,1_5_2,QUANT,new,sink,SC01,scio,M2,21.76,3.47,LowerSink,0,1,14,9,0,0,0,1,0,0,FALSE
QUANT_1_5_3,6/10/2014,161,1_5_3,QUANT,new,sink,SC01,scio,F,21.59,3.09,LowerSink,0,0,18,5,0,0,0,0,0,0,FALSE
QUANT_1_5_4,6/10/2014,161,1_5_4,QUANT,new,sink,SC01,scio,M2,25.16,5.12,LowerSink,0,2,13,14,0,0,0,0,0,0,FALSE
QUANT_1_6_1,6/10/2014,161,1_6_1,QUANT,new,sink,SC01,scio,F,10.99,0.28,LowerSink,0,0,0,2,0,0,0,0,0,0,FALSE
QUANT_1_6_2,6/10/2014,161,1_6_2,QUANT,new,sink,SC01,scio,M2,31.76,9.42,LowerSink,0,2,18,23,0,0,0,0,0,0,FALSE
QUANT_1_6_3,6/10/2014,161,1_6_3,QUANT,new,sink,SC01,scio,M1,38.4,22.22,LowerSink,0,6,13,39,0,0,0,1,0,0,FALSE
QUANT_1_6_4,6/10/2014,161,1_6_4,QUANT,new,sink,SC01,scio,F,20.58,3.12,LowerSink,0,0,14,11,0,0,0,0,1,0,FALSE
QUANT_1_7_1,6/10/2014,161,1_7_1,QUANT,new,sink,SC01,scio,M2,24.2,3.62,LowerSink,0,0,14,14,0,0,0,0,0,0,FALSE
QUANT_1_7_2,6/10/2014,161,1_7_2,QUANT,new,sink,SC01,scio,F,27.47,7.31,LowerSink,0,3,31,24,0,0,0,1,0,0,FALSE
QUANT_1_7_3,6/10/2014,161,1_7_3,QUANT,new,sink,SC01,scio,F,23.76,4.15,LowerSink,0,0,5,3,0,0,0,1,0,0,FALSE
QUANT_1_7_4,6/10/2014,161,1_7_4,QUANT,new,sink,SC01,scio,F,36.47,17.74,LowerSink,0,2,23,15,0,0,0,2,1,0,FALSE
QUANT_1_8_1,6/10/2014,161,1_8_1,QUANT,new,sink,SC01,scio,F,47.44,30.66,LowerSink,0,8,31,41,0,2,0,3,2,0,FALSE
QUANT_1_9_1,6/10/2014,161,1_9_1,QUANT,new,sink,SC01,scio,M2,23.02,2.86,LowerSink,0,0,13,12,0,0,0,1,0,0,FALSE
QUANT_1_9_2,6/10/2014,161,1_9_2,QUANT,new,sink,SC01,scio,F,10,0.21,LowerSink,0,0,0,0,0,0,0,0,0,0,FALSE
QUANT_1_9_3,6/10/2014,161,1_9_3,QUANT,new,sink,SC01,scio,F,24.61,4.36,LowerSink,0,1,26,25,0,0,0,1,0,0,FALSE
QUANT_1_9_4,6/10/2014,161,1_9_4,QUANT,new,sink,SC01,scio,M2,35.78,18.8,LowerSink,0,5,26,22,0,0,0,3,0,0,FALSE
QUANT_1_9_5,6/10/2014,161,1_9_5,QUANT,new,sink,SC01,scio,M1,38.23,18.95,LowerSink,0,3,20,30,0,0,0,12,1,0,FALSE
QUANT_1_9_6,6/10/2014,161,1_9_6,QUANT,new,sink,SC01,scio,F,32.33,10.82,LowerSink,0,4,20,20,0,0,0,3,3,0,FALSE
QUANT_1_9_7,6/10/2014,161,1_9_7,QUANT,new,sink,SC01,scio,M2,35.4,16.6,LowerSink,0,4,12,7,0,0,0,0,0,0,FALSE
QUANT_1_9_8,6/10/2014,161,1_9_8,QUANT,new,sink,SC01,scio,M1,35.8,18.1,LowerSink,0,10,32,78,0,0,0,16,4,0,FALSE
QUANT_11_1_1,7/7/2014,188,11_1_1,QUANT,new,spruce,SR01,scio,M2,17.18,1.3,LowerSpruce,0,0,0,0,0,0,0,0,0,0,FALSE
QUANT_11_1_2,7/7/2014,188,11_1_2,QUANT,new,spruce,SR01,scio,F,17.42,1.35,LowerSpruce,0,0,0,0,0,0,0,0,0,0,FALSE
QUANT_11_10_1,7/7/2014,188,11_10_1,QUANT,new,spruce,SR01,scio,M2,15.65,0.93,LowerSpruce,0,0,0,0,0,0,0,0,0,0,FALSE
QUANT_11_10_2,7/7/2014,188,11_10_2,QUANT,new,spruce,SR01,scio,F,18.21,1.45,LowerSpruce,0,0,0,0,0,0,0,0,0,0,FALSE
QUANT_11_2_1,7/7/2014,188,11_2_1,QUANT,new,spruce,SR01,scio,M2,18.35,1.6,LowerSpruce,0,0,0,0,0,0,0,0,0,0,FALSE
QUANT_11_2_2,7/7/2014,188,11_2_2,QUANT,new,spruce,SR01,scio,F,31.89,10,LowerSpruce,0,0,7,0,0,0,0,0,0,0,FALSE
QUANT_11_2_3,7/7/2014,188,11_2_3,QUANT,new,spruce,SR01,bart,F,19.29,2.1,LowerSpruce,0,0,1,0,0,0,0,0,0,0,FALSE
QUANT_11_2_4,7/7/2014,188,11_2_4,QUANT,new,spruce,SR01,scio,M2,16.49,1.1,LowerSpruce,0,0,0,0,0,0,0,0,0,0,FALSE
QUANT_11_2_5,7/7/2014,188,11_2_5,QUANT,new,spruce,SR01,scio,NA,9.11,0.17,LowerSpruce,0,0,0,0,0,0,0,0,0,0,FALSE
QUANT_11_2_6,7/7/2014,188,11_2_6,QUANT,new,spruce,SR01,scio,NA,9.14,0.18,LowerSpruce,0,0,0,0,0,0,0,0,0,0,FALSE
QUANT_11_2_7,7/7/2014,188,11_2_7,QUANT,new,spruce,SR01,scio,NA,11.83,0.33,LowerSpruce,0,0,0,0,0,0,0,0,0,0,FALSE
QUANT_11_3_1,7/7/2014,188,11_3_1,QUANT,new,spruce,SR01,scio,NA,18.5,1.38,LowerSpruce,0,0,0,0,0,0,0,0,0,0,FALSE
QUANT_11_3_2,7/7/2014,188,11_3_2,QUANT,new,spruce,SR01,scio,NA,15.3,0.98,LowerSpruce,0,0,0,0,0,0,0,0,0,0,FALSE
QUANT_11_3_3,7/7/2014,188,11_3_3,QUANT,new,spruce,SR01,scio,NA,12.01,0.33,LowerSpruce,0,0,0,0,0,0,0,0,0,0,FALSE
QUANT_11_4_1,7/7/2014,188,11_4_1,QUANT,new,spruce,SR01,bart,NA,13.18,0.52,LowerSpruce,0,0,0,0,0,0,0,0,0,0,FALSE
QUANT_11_4_2,7/7/2014,188,11_4_2,QUANT,new,spruce,SR01,bart,NA,14.82,0.92,LowerSpruce,0,0,0,0,0,0,0,0,0,0,FALSE
QUANT_11_4_3,7/7/2014,188,11_4_3,QUANT,new,spruce,SR01,scio,M2,11.25,0.26,LowerSpruce,0,0,0,0,0,0,0,0,0,0,FALSE
QUANT_11_4_4,7/7/2014,188,11_4_4,QUANT,new,spruce,SR01,scio,F,6.88,0.06,LowerSpruce,0,0,0,0,0,0,0,0,0,0,FALSE
QUANT_11_6_1,7/7/2014,188,11_6_1,QUANT,new,spruce,SR01,scio,M2,18.92,1.46,LowerSpruce,0,0,0,0,0,0,0,0,0,0,FALSE
QUANT_11_7_1,7/7/2014,188,11_7_1,QUANT,new,spruce,SR01,scio,F,28.91,6.28,LowerSpruce,0,0,1,0,0,0,0,0,0,0,FALSE
QUANT_11_7_2,7/7/2014,188,11_7_2,QUANT,new,spruce,SR01,scio,F,39.52,15.01,LowerSpruce,1,0,2,0,0,0,0,0,0,0,FALSE
QUANT_11_7_3,7/7/2014,188,11_7_3,QUANT,new,spruce,SR01,scio,M2,14.91,0.75,LowerSpruce,0,0,0,0,0,0,0,0,0,0,FALSE
QUANT_11_8_1,7/7/2014,188,11_8_1,QUANT,new,spruce,SR01,bart,F,35.99,12.93,LowerSpruce,4,0,3,0,0,0,0,0,0,0,FALSE
QUANT_11_8_2,7/7/2014,188,11_8_2,QUANT,new,spruce,SR01,scio,F,17.25,1.27,LowerSpruce,1,0,1,0,0,0,0,0,0,0,FALSE
QUANT_11_8_3,7/7/2014,188,11_8_3,QUANT,new,spruce,SR01,scio,F,11.38,0.26,LowerSpruce,0,0,0,0,0,0,0,0,0,0,FALSE
QUANT_11_9_1,7/7/2014,188,11_9_1,QUANT,new,spruce,SR01,scio,M2,17.89,1.74,LowerSpruce,0,0,1,0,0,0,0,0,0,0,FALSE
QUANT_11_9_2,7/7/2014,188,11_9_2,QUANT,new,spruce,SR01,scio,M2,13.7,0.56,LowerSpruce,0,0,0,0,0,0,0,0,0,0,FALSE
QUANT_11_9_3,7/7/2014,188,11_9_3,QUANT,new,spruce,SR01,scio,F,14.41,1.18,LowerSpruce,0,0,0,0,0,0,0,0,0,0,FALSE
QUANT_16_1_1,7/25/2014,206,16_1_1,QUANT,new,bigstoney,BS04,scio,M2,17.35,0.86,UpperBigStoney,0,0,3,2,0,0,0,0,0,0,TRUE
QUANT_16_1_2,7/25/2014,206,16_1_2,QUANT,new,bigstoney,BS04,scio,F,19.02,1.57,UpperBigStoney,0,0,3,2,0,0,0,0,0,0,TRUE
QUANT_16_1_3,7/25/2014,206,16_1_3,QUANT,new,bigstoney,BS04,crist,F,8.67,0.08,UpperBigStoney,0,0,1,0,0,0,0,0,0,0,TRUE
QUANT_16_1_4,7/25/2014,206,16_1_4,QUANT,new,bigstoney,BS04,crist,M2,20.56,2.01,UpperBigStoney,0,0,0,0,0,0,0,0,0,0,TRUE
QUANT_16_1_5,7/25/2014,206,16_1_5,QUANT,new,bigstoney,BS04,crist,F,18.94,1.59,UpperBigStoney,0,0,0,0,0,0,0,0,0,0,TRUE
QUANT_16_10_1,7/25/2014,206,16_10_1,QUANT,new,bigstoney,BS04,scio,F,24.73,3.5,UpperBigStoney,0,1,16,11,1,2,0,0,0,0,TRUE
QUANT_16_10_2,7/25/2014,206,16_10_2,QUANT,new,bigstoney,BS04,scio,M2,27.65,5.82,UpperBigStoney,0,3,12,19,0,0,1,0,1,0,TRUE
QUANT_16_10_3,7/25/2014,206,16_10_3,QUANT,new,bigstoney,BS04,scio,M2,25.51,3.89,UpperBigStoney,0,0,6,3,0,0,0,0,0,0,TRUE
QUANT_16_10_4,7/25/2014,206,16_10_4,QUANT,new,bigstoney,BS04,crist,F,26.34,3.96,UpperBigStoney,0,0,6,1,0,0,0,0,0,0,TRUE
QUANT_16_2_1,7/25/2014,206,16_2_1,QUANT,new,bigstoney,BS04,crist,F,17.65,1.19,UpperBigStoney,0,0,0,0,0,0,0,0,0,0,TRUE
QUANT_16_2_2,7/25/2014,206,16_2_2,QUANT,new,bigstoney,BS04,crist,F,24.36,3.13,UpperBigStoney,0,0,1,0,0,0,0,0,0,0,TRUE
QUANT_16_2_3,7/25/2014,206,16_2_3,QUANT,new,bigstoney,BS04,crist,F,25.51,0.19,UpperBigStoney,0,0,1,0,0,0,0,0,0,0,TRUE
QUANT_16_4_1,7/25/2014,206,16_4_1,QUANT,new,bigstoney,BS04,scio,F,20.12,2.24,UpperBigStoney,0,0,16,1,0,0,0,0,0,0,TRUE
QUANT_16_4_2,7/25/2014,206,16_4_2,QUANT,new,bigstoney,BS04,scio,M2,19.08,1.8,UpperBigStoney,0,0,2,3,0,0,0,0,0,0,TRUE
QUANT_16_4_3,7/25/2014,206,16_4_3,QUANT,new,bigstoney,BS04,crist,F,11.75,0.31,UpperBigStoney,0,0,7,0,0,0,0,0,0,0,TRUE
QUANT_16_5_1,7/25/2014,206,16_5_1,QUANT,new,bigstoney,BS04,scio,F,15.1,1,UpperBigStoney,0,0,4,2,0,0,0,0,0,0,TRUE
QUANT_16_6_1,7/25/2014,206,16_6_1,QUANT,new,bigstoney,BS04,crist,F,21.83,2.17,UpperBigStoney,0,0,0,1,0,0,0,0,0,0,TRUE
QUANT_16_6_2,7/25/2014,206,16_6_2,QUANT,new,bigstoney,BS04,scio,F,16.75,1.07,UpperBigStoney,0,0,7,0,0,0,0,0,0,0,TRUE
QUANT_16_6_3,7/25/2014,206,16_6_3,QUANT,new,bigstoney,BS04,crist,F,18,1.14,UpperBigStoney,0,0,0,0,0,0,0,0,0,0,TRUE
QUANT_16_6_4,7/25/2014,206,16_6_4,QUANT,new,bigstoney,BS04,crist,M2,28.08,3.84,UpperBigStoney,0,0,1,1,0,0,0,0,0,0,TRUE
QUANT_16_8_1,7/25/2014,206,16_8_1,QUANT,new,bigstoney,BS04,crist,F,18.04,1.13,UpperBigStoney,0,0,0,0,0,0,0,0,0,0,TRUE
QUANT_16_8_2,7/25/2014,206,16_8_2,QUANT,new,bigstoney,BS04,scio,F,9.96,0.18,UpperBigStoney,0,0,1,0,0,0,0,0,0,0,TRUE
QUANT_16_8_3,7/25/2014,206,16_8_3,QUANT,new,bigstoney,BS04,scio,M2,17.5,1.36,UpperBigStoney,0,0,4,3,0,0,0,0,0,0,TRUE
QUANT_16_8_4,7/25/2014,206,16_8_4,QUANT,new,bigstoney,BS04,scio,F,12.16,2.44,UpperBigStoney,0,0,9,4,0,0,0,0,0,0,TRUE
QUANT_16_8_5,7/25/2014,206,16_8_5,QUANT,new,bigstoney,BS04,crist,M2,21.21,2.02,UpperBigStoney,0,0,2,0,0,0,0,0,0,0,TRUE
QUANT_16_9_1,7/25/2014,206,16_9_1,QUANT,new,bigstoney,BS04,scio,M2,21.27,2.11,UpperBigStoney,0,0,4,2,1,0,0,0,0,0,TRUE
QUANT_16_9_2,7/25/2014,206,16_9_2,QUANT,new,bigstoney,BS04,scio,M2,19.44,1.68,UpperBigStoney,0,0,8,3,0,0,0,0,0,0,TRUE
QUANT_2_1_1,6/11/2014,162,2_1_1,QUANT,new,bigstoney,BS03,scio,M2,16.19,1.09,UpperBigStoney,0,0,0,0,0,0,0,0,0,0,TRUE
QUANT_2_1_2,6/11/2014,162,2_1_2,QUANT,new,bigstoney,BS03,scio,M2,14.05,0.64,UpperBigStoney,0,1,2,30,2,0,1,0,0,0,TRUE
QUANT_2_1_3,6/11/2014,162,2_1_3,QUANT,new,bigstoney,BS03,scio,F,15.44,0.83,UpperBigStoney,0,0,0,0,0,0,0,0,0,0,TRUE
QUANT_2_1_4,6/11/2014,162,2_1_4,QUANT,new,bigstoney,BS03,scio,F,16.3,1.08,UpperBigStoney,0,0,1,0,0,0,0,0,0,0,TRUE
QUANT_2_1_5,6/11/2014,162,2_1_5,QUANT,new,bigstoney,BS03,scio,M2,23.94,3.54,UpperBigStoney,0,2,3,4,0,0,0,0,0,0,TRUE
QUANT_2_1_6,6/11/2014,162,2_1_6,QUANT,new,bigstoney,BS03,scio,F,8.6,0.1,UpperBigStoney,0,0,0,0,0,0,0,0,0,0,TRUE
QUANT_2_10_1,6/11/2014,162,2_10_1,QUANT,new,bigstoney,BS03,scio,M2,16.1,1.6,UpperBigStoney,0,0,0,0,0,0,0,0,0,0,TRUE
QUANT_2_10_3,6/11/2014,162,2_10_3,QUANT,new,bigstoney,BS03,scio,M2,14.85,0.72,UpperBigStoney,0,0,0,0,0,0,0,0,0,0,TRUE
QUANT_2_10_4,6/11/2014,162,2_10_4,QUANT,new,bigstoney,BS03,scio,M2,27.38,6.1,UpperBigStoney,1,4,7,27,3,0,1,0,0,0,TRUE
QUANT_2_2_1,6/11/2014,162,2_2_1,QUANT,new,bigstoney,BS03,scio,M2,16.03,1.12,UpperBigStoney,0,0,0,1,0,0,0,0,0,0,TRUE
QUANT_2_2_2,6/11/2014,162,2_2_2,QUANT,new,bigstoney,BS03,scio,M2,32.43,11.21,UpperBigStoney,0,4,1,29,0,0,18,0,1,0,TRUE
QUANT_2_3_1,6/11/2014,162,2_3_1,QUANT,new,bigstoney,BS03,scio,M2,14.69,0.97,UpperBigStoney,0,0,1,1,1,0,0,0,0,0,TRUE
QUANT_2_3_2,6/11/2014,162,2_3_2,QUANT,new,bigstoney,BS03,scio,F,13.83,0.6,UpperBigStoney,0,0,0,0,0,0,0,0,0,0,TRUE
QUANT_2_3_3,6/11/2014,162,2_3_3,QUANT,new,bigstoney,BS03,scio,F,16.51,1.12,UpperBigStoney,0,0,2,1,0,0,0,0,0,0,TRUE
QUANT_2_3_4,6/11/2014,162,2_3_4,QUANT,new,bigstoney,BS03,scio,M2,17.14,1.14,UpperBigStoney,0,0,0,1,0,0,0,0,0,0,TRUE
QUANT_2_3_5,6/11/2014,162,2_3_5,QUANT,new,bigstoney,BS03,scio,F,23.81,3.93,UpperBigStoney,0,4,4,1,0,0,0,0,3,0,TRUE
QUANT_2_3_6,6/11/2014,162,2_3_6,QUANT,new,bigstoney,BS03,scio,F,25.35,3.87,UpperBigStoney,0,1,2,2,0,1,0,0,0,0,TRUE
QUANT_2_4_1,6/11/2014,162,2_4_1,QUANT,new,bigstoney,BS03,scio,F,33.24,10.51,UpperBigStoney,0,1,6,49,5,0,3,0,4,0,TRUE
QUANT_2_4_2,6/11/2014,162,2_4_2,QUANT,new,bigstoney,BS03,scio,F,32.86,10.69,UpperBigStoney,0,6,5,6,4,1,2,0,1,0,TRUE
QUANT_2_4_3,6/11/2014,162,2_4_3,QUANT,new,bigstoney,BS03,scio,M2,36.55,12.39,UpperBigStoney,0,10,10,51,7,8,10,0,1,0,TRUE
QUANT_2_5_1,6/11/2014,162,2_5_1,QUANT,new,bigstoney,BS03,scio,F,23.27,3.41,UpperBigStoney,0,2,2,20,0,0,0,0,1,0,TRUE
QUANT_2_5_2,6/11/2014,162,2_5_2,QUANT,new,bigstoney,BS03,crist,M2,23.88,2.71,UpperBigStoney,0,0,0,6,1,0,0,0,0,0,TRUE
QUANT_2_5_3,6/11/2014,162,2_5_3,QUANT,new,bigstoney,BS03,scio,F,42.89,21.23,UpperBigStoney,0,8,3,5,3,2,1,0,16,0,TRUE
QUANT_2_5_4,6/11/2014,162,2_5_4,QUANT,new,bigstoney,BS03,scio,M2,36.51,12.82,UpperBigStoney,0,16,1,18,9,0,44,0,0,0,TRUE
QUANT_2_5_5,6/11/2014,162,2_5_5,QUANT,new,bigstoney,BS03,scio,M2,16.25,1.29,UpperBigStoney,0,0,0,3,1,0,1,0,0,0,TRUE
QUANT_2_6_1,6/11/2014,162,2_6_1,QUANT,new,bigstoney,BS03,O_sp,M2,13.57,0.69,UpperBigStoney,0,0,0,0,0,0,0,0,0,0,TRUE
QUANT_2_6_2,6/11/2014,162,2_6_2,QUANT,new,bigstoney,BS03,scio,M2,15.37,0.87,UpperBigStoney,2,0,1,0,0,0,0,0,0,0,TRUE
QUANT_2_6_3,6/11/2014,162,2_6_3,QUANT,new,bigstoney,BS03,scio,F,8.1,0.1,UpperBigStoney,0,0,0,0,0,0,0,0,0,0,TRUE
QUANT_2_6_4,6/11/2014,162,2_6_4,QUANT,new,bigstoney,BS03,scio,F,32.15,9.36,UpperBigStoney,0,0,0,0,0,0,0,0,0,0,TRUE
QUANT_2_6_5,6/11/2014,162,2_6_5,QUANT,new,bigstoney,BS03,O_sp,F,19.92,1.38,UpperBigStoney,0,0,0,1,0,0,0,0,0,0,TRUE
QUANT_2_7_1,6/11/2014,162,2_7_1,QUANT,new,bigstoney,BS03,scio,M2,31.7,9.04,UpperBigStoney,0,0,1,25,7,0,0,0,0,0,TRUE
QUANT_2_8_1,6/11/2014,162,2_8_1,QUANT,new,bigstoney,BS03,scio,M2,34.36,9.89,UpperBigStoney,0,0,8,19,8,0,0,0,0,0,TRUE
QUANT_2_8_2,6/11/2014,162,2_8_2,QUANT,new,bigstoney,BS03,scio,F,30.54,8.8,UpperBigStoney,0,6,3,24,3,0,0,0,0,0,TRUE
QUANT_2_9_1,6/11/2014,162,2_9_1,QUANT,new,bigstoney,BS03,scio,M2,15.89,1.12,UpperBigStoney,0,0,0,2,0,0,0,0,0,0,TRUE
QUANT_2_9_2,6/11/2014,162,2_9_2,QUANT,new,bigstoney,BS03,scio,M2,24.19,4.79,UpperBigStoney,0,0,1,14,1,0,0,0,0,0,TRUE
QUANT_2_9_3,6/11/2014,162,2_9_3,QUANT,new,bigstoney,BS03,scio,M2,27.36,5.4,UpperBigStoney,0,1,2,23,2,0,2,0,0,0,TRUE
QUANT_2_9_4,6/11/2014,162,2_9_4,QUANT,new,bigstoney,BS03,scio,M2,25.09,4.75,UpperBigStoney,0,1,2,4,1,2,1,0,1,0,TRUE
QUANT_9_4_1,6/17/2014,168,9_4_1,QUANT,new,lilstoney,LS02,bart,F,38.5,17.06,UpperLittleStoney,26,0,0,0,0,1,12,0,1,0,FALSE
QUANT_9_4_2,6/17/2014,168,9_4_2,QUANT,new,lilstoney,LS02,bart,M2,23.52,5.31,UpperLittleStoney,24,0,0,0,0,1,8,0,0,0,FALSE
QUANT_9_5_1,6/17/2014,168,9_5_1,QUANT,new,lilstoney,LS02,bart,F,22.79,3.45,UpperLittleStoney,4,0,0,0,0,0,1,0,0,0,FALSE
QUANT_9_5_2,6/17/2014,168,9_5_2,QUANT,new,lilstoney,LS02,bart,M2,28.57,8.64,UpperLittleStoney,0,0,0,0,0,0,0,0,0,0,FALSE
QUANT_9_5_3,6/17/2014,168,9_5_3,QUANT,new,lilstoney,LS02,bart,F,6.27,0.06,UpperLittleStoney,14,0,0,0,0,0,14,0,0,0,FALSE
QUANT_9_8_1,6/17/2014,168,9_8_1,QUANT,new,lilstoney,LS02,bart,M2,32.92,10.3,UpperLittleStoney,19,0,0,0,0,1,12,0,0,0,FALSE
QUANT_9_8_2,6/17/2014,168,9_8_2,QUANT,new,lilstoney,LS02,bart,M2,32.36,9.89,UpperLittleStoney,29,0,0,0,0,6,39,0,0,0,FALSE
QUANT_9_9_1,6/17/2014,168,9_9_1,QUANT,new,lilstoney,LS02,bart,F,20.03,2.21,UpperLittleStoney,8,0,0,0,0,0,6,0,0,0,FALSE
SURV_1,10/7/2011,280,1,SURV,new,sink,SC01,scio,M1,36.15,16.31,LowerSink,0,2,41,28,0,0,0,3,0,0,FALSE
SURV_10,10/7/2011,280,10,SURV,new,toms,TC01,scio,F,27.74,6.47,Toms,1,0,0,0,0,0,0,0,0,0,TRUE
SURV_100,2/27/2012,58,100,SURV,new,sink,SC01,scio,F,40.21,22.76,LowerSink,0,2,11,0,0,0,0,2,0,0,FALSE
SURV_101,2/27/2012,58,101,SURV,new,sink,SC01,scio,F,29.35,9.54,LowerSink,0,3,13,44,0,0,0,0,0,0,FALSE
SURV_102,2/27/2012,58,102,SURV,new,sink,SC01,scio,F,35.68,17.25,LowerSink,0,6,15,33,0,0,0,6,0,0,FALSE
SURV_103,2/27/2012,58,103,SURV,new,sink,SC01,scio,F,23.45,4.25,LowerSink,0,0,12,4,0,0,0,0,0,0,FALSE
SURV_104,2/27/2012,58,104,SURV,new,sink,SC01,scio,F,26.03,5.96,LowerSink,0,1,17,16,0,0,0,1,0,0,FALSE
SURV_105,2/27/2012,58,105,SURV,new,sink,SC01,scio,F,24.74,5.37,LowerSink,0,1,21,4,0,0,0,0,0,0,FALSE
SURV_106,2/27/2012,58,106,SURV,new,sink,SC01,scio,M1,49.32,50.02,LowerSink,0,1,3,22,0,0,0,4,0,0,FALSE
SURV_107,2/27/2012,58,107,SURV,new,sink,SC01,scio,M2,30.57,10.35,LowerSink,0,1,30,37,0,0,0,7,0,0,FALSE
SURV_108,2/27/2012,58,108,SURV,new,sink,SC01,scio,F,28.79,9.34,LowerSink,0,1,7,7,0,0,0,1,0,0,FALSE
SURV_109,2/27/2012,58,109,SURV,new,sink,SC01,scio,F,34.15,14.51,LowerSink,0,2,50,61,0,0,0,6,0,0,FALSE
SURV_11,10/7/2011,280,11,SURV,new,toms,TC01,scio,F,31.97,10.43,Toms,8,0,0,0,0,0,0,0,0,0,TRUE
SURV_110,2/27/2012,58,110,SURV,new,sink,SC01,scio,F,35.36,16.94,LowerSink,0,0,16,14,0,0,0,1,0,0,FALSE
SURV_111,2/27/2012,58,111,SURV,new,sink,SC01,scio,M2,19.77,2.44,LowerSink,0,0,8,1,0,0,0,0,0,0,FALSE
SURV_112,2/27/2012,58,112,SURV,new,sink,SC01,scio,M1,37.69,22.59,LowerSink,0,3,26,33,0,0,0,13,0,0,FALSE
SURV_113,2/27/2012,58,113,SURV,new,sink,SC01,scio,F,22.61,4.01,LowerSink,0,0,18,0,0,0,0,1,0,0,FALSE
SURV_114,2/27/2012,58,114,SURV,new,sink,SC01,scio,M1,47.08,46,LowerSink,0,8,14,13,0,0,0,27,0,0,FALSE
SURV_115,2/27/2012,58,115,SURV,new,sink,SC01,scio,M1,40.46,27.54,LowerSink,0,2,11,17,0,0,0,20,0,0,FALSE
SURV_116,2/27/2012,58,116,SURV,new,sink,SC01,scio,F,36.82,19.41,LowerSink,0,1,43,5,0,0,0,12,0,0,FALSE
SURV_117,2/27/2012,58,117,SURV,new,sink,SC01,scio,F,42.64,27.85,LowerSink,0,2,27,13,0,0,0,3,0,0,FALSE
SURV_118,2/27/2012,58,118,SURV,new,sink,SC01,scio,F,34.46,14.97,LowerSink,0,12,40,42,0,0,0,14,0,0,FALSE
SURV_119,2/27/2012,58,119,SURV,new,sink,SC01,scio,M1,34.98,18.92,LowerSink,0,3,20,15,0,0,0,15,0,0,FALSE
SURV_12,10/7/2011,280,12,SURV,new,toms,TC01,scio,M2,34.4,12.36,Toms,5,0,0,0,0,0,0,0,0,0,TRUE
SURV_120,2/27/2012,58,120,SURV,new,sink,SC01,scio,M1,38.02,24.67,LowerSink,0,0,20,37,0,0,0,12,0,0,FALSE
SURV_121,2/27/2012,58,121,SURV,new,sink,SC01,scio,M2,45.42,33.15,LowerSink,0,7,18,27,0,0,0,6,0,0,FALSE
SURV_122,2/27/2012,58,122,SURV,new,sink,SC01,bart,F,34.4,16.38,LowerSink,0,4,31,46,0,0,0,16,0,0,FALSE
SURV_123,2/27/2012,58,123,SURV,new,sink,SC01,scio,M1,33.66,15.1,LowerSink,0,1,24,42,0,0,0,1,0,0,FALSE
SURV_124,2/27/2012,58,124,SURV,new,sink,SC01,scio,M2,23.47,4.31,LowerSink,0,0,12,1,0,0,0,0,0,0,FALSE
SURV_125,2/27/2012,58,125,SURV,new,sink,SC01,scio,F,42.95,28.22,LowerSink,0,0,35,39,0,0,0,6,0,0,FALSE
SURV_126,2/27/2012,58,126,SURV,new,sink,SC01,scio,M1,35.35,19.31,LowerSink,0,2,67,26,0,0,0,14,0,0,FALSE
SURV_127,2/27/2012,58,127,SURV,new,sink,SC01,scio,F,22.28,3.67,LowerSink,0,0,2,0,0,0,0,0,0,0,FALSE
SURV_128,2/27/2012,58,128,SURV,new,sink,SC01,scio,F,21.05,3.24,LowerSink,0,0,2,4,0,0,0,0,0,0,FALSE
SURV_129,2/27/2012,58,129,SURV,new,sink,SC01,scio,F,20.98,3.33,LowerSink,0,0,9,6,0,0,0,0,0,0,FALSE
SURV_13,10/7/2011,280,13,SURV,new,toms,TC01,scio,M2,30.06,8.1,Toms,9,0,0,0,0,0,0,0,0,0,TRUE
SURV_130,2/27/2012,58,130,SURV,new,sink,SC01,scio,M1,34.07,17.66,LowerSink,0,3,30,30,0,0,0,5,0,0,FALSE
SURV_131,2/27/2012,58,131,SURV,new,sink,SC01,scio,M2,24.95,5.55,LowerSink,0,0,27,5,0,0,0,1,0,0,FALSE
SURV_132,2/27/2012,58,132,SURV,new,sink,SC01,scio,M2,42.67,27.43,LowerSink,0,3,12,24,0,0,0,5,0,0,FALSE
SURV_133,2/27/2012,58,133,SURV,new,sink,SC01,scio,F,33.7,13.59,LowerSink,0,0,7,0,0,0,0,0,0,0,FALSE
SURV_134,2/27/2012,58,134,SURV,new,sink,SC01,scio,M1,37.24,19.23,LowerSink,0,1,12,35,0,0,0,4,0,0,FALSE
SURV_135,2/27/2012,58,135,SURV,new,sink,SC01,scio,M2,20.07,2.39,LowerSink,0,0,6,0,0,0,0,0,0,0,FALSE
SURV_136,2/27/2012,58,136,SURV,new,sink,SC01,scio,M1,31.5,12.17,LowerSink,0,2,12,17,0,0,0,0,0,0,FALSE
SURV_137,2/27/2012,58,137,SURV,new,sink,SC01,scio,M2,29.57,10.31,LowerSink,0,2,49,25,0,0,0,0,0,0,FALSE
SURV_138,2/27/2012,58,138,SURV,new,sink,SC01,scio,M2,17.9,1.6,LowerSink,0,0,9,0,0,0,0,0,0,0,FALSE
SURV_139,2/27/2012,58,139,SURV,new,sink,SC01,scio,F,29.49,9.5,LowerSink,0,0,21,13,0,0,0,0,0,0,FALSE
SURV_14,10/7/2011,280,14,SURV,new,toms,TC01,scio,M1,33.37,13.01,Toms,23,0,0,0,0,0,0,0,0,0,TRUE
SURV_140,2/27/2012,58,140,SURV,new,sink,SC01,scio,F,21.03,3.38,LowerSink,0,0,17,1,0,0,0,0,0,0,FALSE
SURV_141,2/27/2012,58,141,SURV,new,sink,SC01,scio,M2,41.9,29.8,LowerSink,0,2,20,41,0,0,0,10,0,0,FALSE
SURV_142,2/27/2012,58,142,SURV,new,sink,SC01,scio,F,32.52,12.64,LowerSink,0,0,36,14,0,0,0,4,0,0,FALSE
SURV_143,2/27/2012,58,143,SURV,new,sink,SC01,scio,F,18.42,1.98,LowerSink,0,0,7,0,0,0,0,0,0,0,FALSE
SURV_144,3/17/2012,77,144,SURV,new,sink,SC05,scio,F,19.37,2.13,UpperSink,1,0,0,0,0,0,0,0,0,0,FALSE
SURV_145,3/17/2012,77,145,SURV,new,sink,SC05,scio,F,40.05,20.89,UpperSink,0,0,6,0,0,0,0,0,1,0,FALSE
SURV_146,3/17/2012,77,146,SURV,new,sink,SC05,scio,F,20.33,2.87,UpperSink,0,0,4,0,0,0,0,0,0,0,FALSE
SURV_147,3/17/2012,77,147,SURV,new,sink,SC05,scio,F,41.43,16.67,UpperSink,14,0,10,0,1,0,0,0,0,0,FALSE
SURV_148,3/17/2012,77,148,SURV,new,sink,SC05,scio,F,44.58,21.41,UpperSink,4,0,26,0,0,0,0,0,7,0,FALSE
SURV_149,3/17/2012,77,149,SURV,new,sink,SC05,scio,M2,44.17,30.67,UpperSink,6,0,6,0,0,0,0,0,0,0,FALSE
SURV_15,10/7/2011,280,15,SURV,new,toms,TC01,scio,M1,35.16,12.64,Toms,8,0,0,0,0,0,0,0,0,0,TRUE
SURV_150,3/17/2012,77,150,SURV,new,sink,SC05,scio,M2,17.11,1.43,UpperSink,0,0,0,0,0,0,0,0,0,0,FALSE
SURV_151,3/17/2012,77,151,SURV,new,sink,SC05,bart,M1,47,36.36,UpperSink,19,0,1,0,0,9,0,0,0,0,FALSE
SURV_152,3/17/2012,77,152,SURV,new,sink,SC05,scio,F,39.32,19.05,UpperSink,2,0,7,0,0,0,0,0,0,0,FALSE
SURV_153,3/17/2012,77,153,SURV,new,sink,SC06,scio,F,18.33,2.14,UpperSink,0,0,1,0,0,0,0,0,0,0,FALSE
SURV_154,3/17/2012,77,154,SURV,new,sink,SC06,scio,F,36.31,17.69,UpperSink,0,0,44,0,0,0,0,0,0,0,FALSE
SURV_155,3/17/2012,77,155,SURV,new,sink,SC06,bart,M1,35.82,17.02,UpperSink,0,2,15,0,0,0,0,0,0,0,FALSE
SURV_156,3/17/2012,77,156,SURV,new,sink,SC06,scio,F,46.01,35.81,UpperSink,0,0,7,0,0,0,0,0,11,0,FALSE
SURV_157,3/17/2012,77,157,SURV,new,sink,SC06,scio,F,37.58,16.51,UpperSink,0,0,6,0,0,0,0,0,0,0,FALSE
SURV_158,3/17/2012,77,158,SURV,new,sink,SC06,scio,F,37.36,19.4,UpperSink,0,3,14,0,0,0,0,0,0,0,FALSE
SURV_159,3/17/2012,77,159,SURV,new,sink,SC06,scio,F,43.36,27.37,UpperSink,0,14,79,0,0,0,0,0,0,0,FALSE
SURV_160,3/17/2012,77,160,SURV,new,sink,SC06,scio,F,44.76,27.41,UpperSink,0,0,1,0,0,0,0,0,0,0,FALSE
SURV_161,3/17/2012,77,161,SURV,new,sink,SC06,scio,F,35.57,15.8,UpperSink,0,0,18,0,0,0,0,0,0,0,FALSE
SURV_162,3/17/2012,77,162,SURV,new,sink,SC06,scio,F,24.66,4.83,UpperSink,0,0,7,0,0,0,0,0,0,0,FALSE
SURV_163,3/17/2012,77,163,SURV,new,sink,SC06,bart,F,36.71,17.81,UpperSink,0,0,8,0,0,0,0,0,0,0,FALSE
SURV_164,3/17/2012,77,164,SURV,new,sink,SC07,scio,M1,42.71,29.76,UpperSink,0,12,101,55,0,0,0,0,0,0,FALSE
SURV_165,3/17/2012,77,165,SURV,new,sink,SC07,scio,F,48.32,36.82,UpperSink,0,0,14,0,0,0,0,0,4,0,FALSE
SURV_166,3/17/2012,77,166,SURV,new,sink,SC07,scio,M2,18.44,1.83,UpperSink,0,0,1,0,0,0,0,0,0,0,FALSE
SURV_167,3/17/2012,77,167,SURV,new,sink,SC07,scio,M2,19.84,2.44,UpperSink,0,0,3,0,0,0,0,0,0,0,FALSE
SURV_168,3/17/2012,77,168,SURV,new,sink,SC07,scio,M1,46.03,23.13,UpperSink,0,14,130,43,0,0,0,0,0,0,FALSE
SURV_169,3/17/2012,77,169,SURV,new,sink,SC07,scio,F,56.64,60.74,UpperSink,0,0,75,7,0,0,0,0,0,0,FALSE
SURV_17,10/14/2011,287,17,SURV,new,bigstoney,BS01,scio,M1,35.32,13.41,LowerBigStoney,0,0,0,1,0,0,0,0,0,0,FALSE
SURV_170,3/17/2012,77,170,SURV,new,sink,SC07,scio,F,52.52,52.83,UpperSink,0,5,54,12,0,0,0,0,0,0,FALSE
SURV_171,3/17/2012,77,171,SURV,new,sink,SC07,scio,F,36.89,17.5,UpperSink,0,3,28,26,0,1,0,0,0,0,FALSE
SURV_172,3/17/2012,77,172,SURV,new,sink,SC07,scio,M1,48.5,33.04,UpperSink,0,4,6,2,0,0,0,0,0,0,FALSE
SURV_173,3/17/2012,77,173,SURV,new,sink,SC07,scio,F,47.15,38.24,UpperSink,0,0,7,1,0,0,0,0,0,0,FALSE
SURV_174,3/17/2012,77,174,SURV,new,sink,SC07,scio,M2,27.52,6.33,UpperSink,0,1,16,5,0,0,0,0,0,0,FALSE
SURV_175,3/17/2012,77,175,SURV,new,sink,SC07,scio,M1,44.81,38.12,UpperSink,0,11,57,44,0,0,0,0,7,0,FALSE
SURV_176,3/17/2012,77,176,SURV,new,sink,SC07,scio,F,38.43,19.89,UpperSink,0,1,98,61,0,0,0,0,0,0,FALSE
SURV_177,3/17/2012,77,177,SURV,new,sink,SC07,scio,F,42.3,24.11,UpperSink,0,1,14,1,0,0,0,0,0,0,FALSE
SURV_178,3/17/2012,77,178,SURV,new,sink,SC08,scio,M2,44.63,36.28,LowerSink,0,11,49,47,0,0,0,0,0,0,FALSE
SURV_179,3/17/2012,77,179,SURV,new,sink,SC08,scio,F,41.32,25.25,LowerSink,0,5,78,54,0,0,0,0,0,0,FALSE
SURV_18,10/14/2011,287,18,SURV,new,bigstoney,BS01,scio,F,44.27,30.72,LowerBigStoney,0,0,1,0,0,0,0,0,0,0,FALSE
SURV_180,3/17/2012,77,180,SURV,new,sink,SC08,scio,M1,49.2,53.05,LowerSink,0,34,63,82,0,0,0,0,0,0,FALSE
SURV_181,3/17/2012,77,181,SURV,new,sink,SC08,scio,F,39.12,21.32,LowerSink,0,1,53,59,0,0,0,0,0,0,FALSE
SURV_182,3/17/2012,77,182,SURV,new,sink,SC08,scio,M2,28.88,7.82,LowerSink,0,0,40,9,0,0,0,0,0,0,FALSE
SURV_183,3/17/2012,77,183,SURV,new,sink,SC08,scio,F,42.37,21.21,LowerSink,0,5,138,70,0,0,0,0,0,0,FALSE
SURV_184,3/17/2012,77,184,SURV,new,sink,SC08,scio,M2,43.32,30.69,LowerSink,0,7,23,61,0,0,0,0,2,0,FALSE
SURV_185,3/17/2012,77,185,SURV,new,sink,SC08,scio,M1,43.08,31.69,LowerSink,0,12,62,55,0,0,0,0,0,0,FALSE
SURV_186,3/17/2012,77,186,SURV,new,sink,SC08,scio,F,33.89,13.23,LowerSink,0,2,93,36,0,0,0,0,0,0,FALSE
SURV_187,3/17/2012,77,187,SURV,new,sink,SC08,scio,M1,48.91,46.16,LowerSink,0,10,47,102,0,0,0,0,0,0,FALSE
SURV_188,3/17/2012,77,188,SURV,new,sink,SC08,scio,F,44.02,27.3,LowerSink,0,0,9,0,0,0,0,0,0,0,FALSE
SURV_189,3/17/2012,77,189,SURV,new,sink,SC08,scio,M1,36.23,17.85,LowerSink,0,8,48,78,0,0,0,0,0,0,FALSE
SURV_19,10/14/2011,287,19,SURV,new,bigstoney,BS01,scio,M2,35.78,12.71,LowerBigStoney,0,0,0,0,0,5,0,0,0,0,FALSE
SURV_190,3/20/2012,80,190,SURV,new,lilstoney,LS02,bart,M2,33.92,12.7,UpperLittleStoney,17,0,0,0,0,0,12,0,0,0,FALSE
SURV_191,3/20/2012,80,191,SURV,new,lilstoney,LS02,bart,M2,27.77,6.29,UpperLittleStoney,9,0,0,0,0,4,5,0,0,0,FALSE
SURV_192,3/20/2012,80,192,SURV,new,lilstoney,LS02,bart,M2,33.32,12.21,UpperLittleStoney,17,0,0,0,0,7,27,0,0,0,FALSE
SURV_193,3/20/2012,80,193,SURV,new,lilstoney,LS02,bart,F,28.53,7.19,UpperLittleStoney,14,0,0,0,0,0,13,0,0,0,FALSE
SURV_194,3/20/2012,80,194,SURV,new,lilstoney,LS02,bart,F,28.11,6.51,UpperLittleStoney,15,0,0,0,0,1,6,0,0,0,FALSE
SURV_195,3/20/2012,80,195,SURV,new,lilstoney,LS02,bart,F,18.46,1.61,UpperLittleStoney,0,0,0,0,0,0,1,0,0,0,FALSE
SURV_196,3/20/2012,80,196,SURV,new,lilstoney,LS02,bart,M1,33.88,11.34,UpperLittleStoney,10,0,0,0,0,2,11,0,0,0,FALSE
SURV_197,3/20/2012,80,197,SURV,new,lilstoney,LS02,bart,F,24.6,4.37,UpperLittleStoney,5,0,0,0,0,0,9,0,0,0,FALSE
SURV_198,3/20/2012,80,198,SURV,new,lilstoney,LS02,bart,F,21.49,2.84,UpperLittleStoney,10,0,0,0,0,0,2,0,0,0,FALSE
SURV_199,3/20/2012,80,199,SURV,new,lilstoney,LS02,bart,F,30.46,9.06,UpperLittleStoney,14,0,0,0,0,2,20,0,0,0,FALSE
SURV_2,10/7/2011,280,2,SURV,new,sink,SC01,scio,M2,33.47,12.5,LowerSink,0,1,21,8,0,0,0,3,0,0,FALSE
SURV_20,10/14/2011,287,20,SURV,new,bigstoney,BS01,scio,M2,42.19,26.05,LowerBigStoney,0,0,0,0,0,6,0,0,0,0,FALSE
SURV_200,3/20/2012,80,200,SURV,new,lilstoney,LS02,bart,F,26.47,5.4,UpperLittleStoney,9,0,0,0,0,1,6,0,0,0,FALSE
SURV_201,3/20/2012,80,201,SURV,new,lilstoney,LS02,bart,M2,35.47,14.14,UpperLittleStoney,14,0,0,0,0,3,9,0,0,0,FALSE
SURV_202,3/20/2012,80,202,SURV,new,lilstoney,LS02,bart,F,21.39,2.88,UpperLittleStoney,8,0,0,0,0,0,2,0,0,0,FALSE
SURV_203,3/20/2012,80,203,SURV,new,lilstoney,LS02,bart,M1,28.32,6.54,UpperLittleStoney,9,0,0,0,0,0,8,0,0,0,FALSE
SURV_204,3/20/2012,80,204,SURV,new,lilstoney,LS02,bart,M2,19.92,2.1,UpperLittleStoney,3,0,0,0,0,0,1,0,0,0,FALSE
SURV_205,3/20/2012,80,205,SURV,new,lilstoney,LS02,bart,F,33.01,12.02,UpperLittleStoney,17,0,0,0,0,0,19,0,0,0,FALSE
SURV_206,3/20/2012,80,206,SURV,new,lilstoney,LS02,bart,F,21.01,2.91,UpperLittleStoney,1,0,0,0,0,0,0,0,0,0,FALSE
SURV_207,3/20/2012,80,207,SURV,new,lilstoney,LS02,bart,M1,32.01,10.74,UpperLittleStoney,16,0,0,0,0,1,20,0,0,0,FALSE
SURV_208,3/20/2012,80,208,SURV,new,lilstoney,LS02,bart,M2,21.88,3.08,UpperLittleStoney,12,0,0,0,0,0,4,0,0,0,FALSE
SURV_209,3/20/2012,80,209,SURV,new,lilstoney,LS02,bart,F,17.14,1.29,UpperLittleStoney,0,0,0,0,0,0,0,0,0,0,FALSE
SURV_21,10/14/2011,287,21,SURV,new,bigstoney,BS01,scio,M1,38.55,20.78,LowerBigStoney,0,0,2,1,0,6,0,0,0,0,FALSE
SURV_210,3/20/2012,80,210,SURV,new,lilstoney,LS02,bart,F,38.18,16.07,UpperLittleStoney,14,0,0,0,0,1,28,0,0,0,FALSE
SURV_211,3/20/2012,80,211,SURV,new,lilstoney,LS02,bart,F,31.91,10.49,UpperLittleStoney,5,0,0,0,0,3,6,0,0,0,FALSE
SURV_212,3/20/2012,80,212,SURV,new,lilstoney,LS02,bart,F,31.72,10.36,UpperLittleStoney,13,0,0,0,0,0,32,0,0,0,FALSE
SURV_213,3/20/2012,80,213,SURV,new,lilstoney,LS02,bart,F,32.25,10.64,UpperLittleStoney,14,0,0,0,0,1,25,0,0,0,FALSE
SURV_214,3/20/2012,80,214,SURV,new,lilstoney,LS02,bart,M2,25.01,4.79,UpperLittleStoney,13,0,0,0,0,0,5,0,0,0,FALSE
SURV_215,3/20/2012,80,215,SURV,new,lilstoney,LS02,bart,F,25.25,5.04,UpperLittleStoney,8,0,0,0,0,1,5,0,0,0,FALSE
SURV_216,3/20/2012,80,216,SURV,new,lilstoney,LS02,bart,M2,24.06,3.82,UpperLittleStoney,13,0,0,0,0,0,7,0,0,0,FALSE
SURV_217,3/20/2012,80,217,SURV,new,lilstoney,LS02,bart,F,35.13,13.62,UpperLittleStoney,12,0,0,0,0,2,18,0,0,0,FALSE
SURV_218,3/20/2012,80,218,SURV,new,lilstoney,LS02,bart,M2,27.87,6.78,UpperLittleStoney,7,0,0,0,0,0,3,0,0,0,FALSE
SURV_219,3/20/2012,80,219,SURV,new,lilstoney,LS02,bart,M2,34.16,13.4,UpperLittleStoney,25,0,0,0,0,8,26,0,0,0,FALSE
SURV_22,10/14/2011,287,22,SURV,new,bigstoney,BS01,scio,M1,41.52,26.38,LowerBigStoney,0,0,0,0,0,1,0,0,0,0,FALSE
SURV_220,4/14/2012,105,220,SURV,new,bigstoney,BS01,scio,F,37.35,17.2,LowerBigStoney,0,0,0,0,1,1,0,0,0,0,FALSE
SURV_221,4/14/2012,105,221,SURV,new,bigstoney,BS01,scio,F,38.5,20.68,LowerBigStoney,0,0,0,0,0,1,0,0,0,0,FALSE
SURV_222,4/14/2012,105,222,SURV,new,bigstoney,BS01,scio,F,39.69,20.05,LowerBigStoney,0,0,1,2,3,4,0,0,0,0,FALSE
SURV_223,4/14/2012,105,223,SURV,new,bigstoney,BS01,scio,M1,39.07,21.19,LowerBigStoney,0,0,2,0,0,3,0,0,0,0,FALSE
SURV_224,4/14/2012,105,224,SURV,new,bigstoney,BS01,scio,F,37.06,17.2,LowerBigStoney,0,0,0,0,0,3,0,0,0,0,FALSE
SURV_225,4/14/2012,105,225,SURV,new,bigstoney,BS01,scio,F,37.25,15.12,LowerBigStoney,0,0,0,0,0,37,0,0,0,0,FALSE
SURV_226,4/14/2012,105,226,SURV,new,bigstoney,BS02,scio,F,38.03,16.09,UpperBigStoney,0,1,4,6,19,0,4,0,0,0,TRUE
SURV_227,4/14/2012,105,227,SURV,new,bigstoney,BS02,scio,M2,39.55,18.42,UpperBigStoney,0,4,0,24,10,0,12,0,0,0,TRUE
SURV_228,4/14/2012,105,228,SURV,new,bigstoney,BS02,scio,F,23.65,4.11,UpperBigStoney,0,0,6,12,1,0,0,0,0,0,TRUE
SURV_229,4/14/2012,105,229,SURV,new,bigstoney,BS02,scio,F,35.42,12.2,UpperBigStoney,0,0,6,10,13,0,1,0,0,0,TRUE
SURV_23,10/14/2011,287,23,SURV,new,bigstoney,BS01,scio,M2,35.43,14.66,LowerBigStoney,0,0,0,0,0,1,0,0,0,0,FALSE
SURV_230,4/14/2012,105,230,SURV,new,bigstoney,BS02,scio,F,37.8,15.16,UpperBigStoney,0,0,4,2,10,0,1,0,0,0,TRUE
SURV_231,4/14/2012,105,231,SURV,new,bigstoney,BS02,scio,F,30.44,8.31,UpperBigStoney,0,3,3,19,0,0,0,0,1,0,TRUE
SURV_232,4/14/2012,105,232,SURV,new,bigstoney,BS02,scio,F,40.58,21.26,UpperBigStoney,0,1,4,5,8,0,1,0,0,0,TRUE
SURV_233,4/14/2012,105,233,SURV,new,bigstoney,BS02,scio,M2,38.49,18.21,UpperBigStoney,0,6,2,12,8,0,10,0,0,0,TRUE
SURV_234,4/14/2012,105,234,SURV,new,bigstoney,BS02,scio,F,34.39,11.79,UpperBigStoney,0,3,7,33,1,1,0,0,21,0,TRUE
SURV_235,4/14/2012,105,235,SURV,new,newriver,NR02,crist,M2,21.38,2.52,NewRiver,0,0,0,0,0,0,0,0,0,0,TRUE
SURV_236,4/14/2012,105,236,SURV,new,newriver,NR02,scio,F,29.63,7.64,NewRiver,16,0,0,0,0,0,0,0,1,0,TRUE
SURV_237,4/14/2012,105,237,SURV,new,newriver,NR02,crist,M2,29.91,6.7,NewRiver,32,0,0,0,0,0,0,0,0,0,TRUE
SURV_239,4/14/2012,105,239,SURV,new,newriver,NR02,scio,M2,30.33,8.45,NewRiver,70,0,0,0,0,0,0,0,0,0,TRUE
SURV_24,10/14/2011,287,24,SURV,new,bigstoney,BS01,scio,M1,33.28,11.5,LowerBigStoney,0,0,0,0,0,1,0,0,0,0,FALSE
SURV_240,4/14/2012,105,240,SURV,new,newriver,NR02,scio,F,30.32,8.84,NewRiver,0,0,0,0,0,0,0,0,0,0,TRUE
SURV_241,4/14/2012,105,241,SURV,new,newriver,NR02,crist,M2,34.38,11,NewRiver,56,0,0,0,0,0,0,0,0,0,TRUE
SURV_242,4/14/2012,105,242,SURV,new,newriver,NR02,scio,M2,37.22,17.39,NewRiver,30,0,0,0,0,0,0,0,1,0,TRUE
SURV_243,4/14/2012,105,243,SURV,new,newriver,NR02,scio,F,41.12,20.09,NewRiver,5,0,0,1,0,0,0,0,1,0,TRUE
SURV_244,4/14/2012,105,244,SURV,new,newriver,NR02,crist,M2,33.84,11.27,NewRiver,22,0,0,0,0,0,0,0,0,0,TRUE
SURV_245,4/14/2012,105,245,SURV,new,newriver,NR02,crist,M2,28.85,7.85,NewRiver,35,0,0,1,0,0,0,0,0,0,TRUE
SURV_246,4/14/2012,105,246,SURV,new,newriver,NR02,crist,M2,34.76,14.23,NewRiver,39,0,0,0,0,0,0,0,0,0,TRUE
SURV_247,5/12/2012,133,247,SURV,new,spruce,SR02,bart,M2,30.65,8.84,UpperSpruce,6,0,12,0,0,0,0,0,0,0,FALSE
SURV_248,5/12/2012,133,248,SURV,new,spruce,SR02,bart,M2,26.55,5.26,UpperSpruce,10,0,2,0,0,0,0,0,0,0,FALSE
SURV_249,5/12/2012,133,249,SURV,new,spruce,SR02,bart,F,22.85,4.23,UpperSpruce,1,0,4,0,0,0,0,0,0,0,FALSE
SURV_25,10/14/2011,287,25,SURV,new,bigstoney,BS01,scio,M2,28.53,7.08,LowerBigStoney,0,0,0,0,0,0,0,0,0,0,FALSE
SURV_250,5/12/2012,133,250,SURV,new,spruce,SR02,bart,M2,27.69,6.32,UpperSpruce,1,0,0,0,0,0,0,0,0,0,FALSE
SURV_251,5/12/2012,133,251,SURV,new,spruce,SR02,bart,F,40.99,20.68,UpperSpruce,20,0,0,0,0,6,0,0,0,0,FALSE
SURV_252,5/12/2012,133,252,SURV,new,spruce,SR02,bart,M2,32.19,10.64,UpperSpruce,3,0,1,0,0,0,0,0,0,0,FALSE
SURV_253,5/12/2012,133,253,SURV,new,spruce,SR02,bart,M1,38.98,19.92,UpperSpruce,18,0,2,0,0,7,0,0,0,0,FALSE
SURV_256,5/31/2012,152,256,SURV,new,bigstoney,BS03,scio,M1,34.15,13.72,UpperBigStoney,0,2,1,34,14,6,25,0,10,0,TRUE
SURV_257,5/31/2012,152,257,SURV,new,bigstoney,BS03,scio,M1,33.48,12.19,UpperBigStoney,0,7,4,46,11,3,3,0,9,0,TRUE
SURV_258,5/31/2012,152,258,SURV,new,bigstoney,BS03,scio,M1,38.47,17.76,UpperBigStoney,0,8,7,19,0,4,3,0,8,0,TRUE
SURV_259,5/31/2012,152,259,SURV,new,bigstoney,BS03,scio,M2,25.6,4.4,UpperBigStoney,0,4,3,10,0,0,1,0,0,0,TRUE
SURV_26,10/14/2011,287,26,SURV,new,bigstoney,BS01,scio,M1,37.9,19.37,LowerBigStoney,0,1,0,0,0,1,0,0,0,0,FALSE
SURV_260,5/31/2012,152,260,SURV,new,bigstoney,BS03,scio,F,13.84,0.72,UpperBigStoney,0,0,1,0,0,0,0,0,0,0,TRUE
SURV_261,5/31/2012,152,261,SURV,new,bigstoney,BS03,scio,M2,34.04,12.99,UpperBigStoney,0,11,9,47,1,4,9,0,5,0,TRUE
SURV_262,5/31/2012,152,262,SURV,new,bigstoney,BS03,scio,F,34.1,12.56,UpperBigStoney,0,3,11,20,0,17,18,0,10,0,TRUE
SURV_263,5/31/2012,152,263,SURV,new,bigstoney,BS03,scio,F,20.5,2.02,UpperBigStoney,0,0,5,2,0,0,1,0,0,0,TRUE
SURV_264,5/31/2012,152,264,SURV,new,bigstoney,BS03,scio,M2,26.38,5.8,UpperBigStoney,0,3,7,12,1,0,3,0,0,0,TRUE
SURV_265,5/31/2012,152,265,SURV,new,bigstoney,BS03,scio,F,16.34,0.91,UpperBigStoney,0,0,1,2,0,0,0,0,0,0,TRUE
SURV_266,5/31/2012,152,266,SURV,new,bigstoney,BS03,scio,F,35.85,13.96,UpperBigStoney,0,12,8,49,0,5,19,0,3,0,TRUE
SURV_267,5/31/2012,152,267,SURV,new,bigstoney,BS03,scio,F,18.15,1.16,UpperBigStoney,0,0,3,1,0,0,0,0,0,0,TRUE
SURV_268,5/31/2012,152,268,SURV,new,bigstoney,BS03T,scio,F,37.04,15.37,UpperBigStoney_T,2,4,3,7,10,0,3,0,6,0,FALSE
SURV_269,5/31/2012,152,269,SURV,new,bigstoney,BS03T,scio,F,34.3,12.05,UpperBigStoney_T,5,1,1,2,4,8,3,0,0,0,FALSE
SURV_27,10/14/2011,287,27,SURV,new,lilstoney,LS01,scio,F,47.26,32.41,LowerLittleStoney,0,7,7,7,15,1,20,0,0,0,FALSE
SURV_270,5/31/2012,152,270,SURV,new,bigstoney,BS03T,scio,M2,27.65,5.52,UpperBigStoney_T,0,0,4,6,0,0,1,0,0,0,FALSE
SURV_271,5/31/2012,152,271,SURV,new,bigstoney,BS03T,scio,F,28.86,6.16,UpperBigStoney_T,0,1,2,8,0,7,0,0,6,0,FALSE
SURV_272,5/31/2012,152,272,SURV,new,bigstoney,BS03T,scio,F,34.2,13.7,UpperBigStoney_T,2,1,4,4,8,5,3,0,1,0,FALSE
SURV_273,5/31/2012,152,273,SURV,new,bigstoney,BS03T,scio,M2,23.73,3.89,UpperBigStoney_T,11,0,0,0,0,0,0,0,0,0,FALSE
SURV_274,5/31/2012,152,274,SURV,new,bigstoney,BS03T,scio,M2,22.43,3.34,UpperBigStoney_T,1,2,4,9,0,2,0,0,1,0,FALSE
SURV_275,5/31/2012,152,275,SURV,new,bigstoney,BS04,scio,M1,34.21,18.79,UpperBigStoney,0,4,6,26,14,0,3,0,3,0,TRUE
SURV_276,5/31/2012,152,276,SURV,new,bigstoney,BS04,scio,F,34.03,14.11,UpperBigStoney,0,1,8,19,12,0,4,0,4,0,TRUE
SURV_277,5/31/2012,152,277,SURV,new,bigstoney,BS04,scio,M2,30.65,9.44,UpperBigStoney,0,3,3,31,1,4,0,0,0,0,TRUE
SURV_278,5/31/2012,152,278,SURV,new,bigstoney,BS04,scio,F,18.96,2.25,UpperBigStoney,0,0,2,3,0,0,0,0,0,0,TRUE
SURV_279,5/31/2012,152,279,SURV,new,bigstoney,BS04,scio,M2,19.07,2.05,UpperBigStoney,0,0,1,2,0,0,0,0,0,0,TRUE
SURV_28,10/14/2011,287,28,SURV,new,lilstoney,LS01,scio,F,45.24,23,LowerLittleStoney,0,2,1,5,20,0,7,0,0,0,FALSE
SURV_280,5/31/2012,152,280,SURV,new,bigstoney,BS04,scio,M2,28.22,7.26,UpperBigStoney,0,1,1,9,4,9,0,0,0,0,TRUE
SURV_281,5/31/2012,152,281,SURV,new,bigstoney,BS04,scio,M2,29.55,8.81,UpperBigStoney,0,5,8,15,2,2,0,0,1,0,TRUE
SURV_282,5/31/2012,152,282,SURV,new,bigstoney,BS04,scio,F,16.23,1.81,UpperBigStoney,0,0,0,0,1,0,0,0,0,0,TRUE
SURV_283,5/31/2012,152,283,SURV,new,bigstoney,BS04,scio,M2,31.94,10.7,UpperBigStoney,0,1,1,11,0,4,1,0,0,0,TRUE
SURV_284,5/31/2012,152,284,SURV,new,bigstoney,BS04,scio,M2,32.33,10.4,UpperBigStoney,0,2,4,9,2,0,1,0,5,0,TRUE
SURV_285,5/31/2012,152,285,SURV,new,bigstoney,BS04,scio,F,17.55,2.07,UpperBigStoney,0,0,6,14,0,0,0,0,0,0,TRUE
SURV_286,5/31/2012,152,286,SURV,new,bigstoney,BS04,scio,F,36.9,13.21,UpperBigStoney,0,0,0,0,5,1,0,0,0,0,TRUE
SURV_287,5/31/2012,152,287,SURV,new,bigstoney,BS05,scio,F,26.27,5.88,UpperBigStoney,0,1,7,15,2,0,0,0,1,0,FALSE
SURV_288,5/31/2012,152,288,SURV,new,bigstoney,BS05,scio,F,25.43,6.39,UpperBigStoney,0,1,1,8,0,0,0,0,2,0,FALSE
SURV_289,5/31/2012,152,289,SURV,new,bigstoney,BS05,scio,M1,38.54,18.62,UpperBigStoney,0,2,5,12,3,0,0,0,1,0,FALSE
SURV_29,10/14/2011,287,29,SURV,new,lilstoney,LS01,scio,F,39.47,17.07,LowerLittleStoney,0,2,0,1,4,0,2,0,0,0,FALSE
SURV_290,5/31/2012,152,290,SURV,new,bigstoney,BS05,scio,F,21.92,3.09,UpperBigStoney,0,0,4,0,1,0,0,0,0,0,FALSE
SURV_291,5/31/2012,152,291,SURV,new,bigstoney,BS05,scio,M2,19.12,2.03,UpperBigStoney,0,0,1,1,0,0,0,0,0,0,FALSE
SURV_292,5/31/2012,152,292,SURV,new,bigstoney,BS05,bart,F,42.3,29.29,UpperBigStoney,0,1,7,16,1,0,1,0,1,0,FALSE
SURV_293,5/31/2012,152,293,SURV,new,bigstoney,BS05,scio,F,19.35,2.06,UpperBigStoney,0,0,1,3,0,0,1,0,0,0,FALSE
SURV_294,5/31/2012,152,294,SURV,new,bigstoney,BS05,scio,M2,30.81,9.74,UpperBigStoney,0,1,4,8,0,0,0,0,3,0,FALSE
SURV_295,5/31/2012,152,295,SURV,new,bigstoney,BS05,scio,F,34.41,14.72,UpperBigStoney,0,0,3,17,3,0,0,0,0,0,FALSE
SURV_296,5/31/2012,152,296,SURV,new,bigstoney,BS05,scio,M2,26.71,8.79,UpperBigStoney,0,3,8,9,0,0,0,0,2,0,FALSE
SURV_297,5/31/2012,152,297,SURV,new,bigstoney,BS05,scio,M2,50.97,46.45,UpperBigStoney,0,3,4,1,8,0,0,0,1,0,FALSE
SURV_298,5/31/2012,152,298,SURV,new,bigstoney,BS05,scio,M1,36.92,18.54,UpperBigStoney,0,5,2,17,1,0,0,0,3,0,FALSE
SURV_299,6/22/2012,174,299,SURV,new,poverty,PC02,scio,M1,40.08,18.86,LowerPoverty,2,8,4,0,0,0,0,0,0,0,TRUE
SURV_3,10/7/2011,280,3,SURV,new,sink,SC01,scio,F,50.57,36.99,LowerSink,0,12,56,18,0,0,0,47,0,0,FALSE
SURV_30,10/14/2011,287,30,SURV,new,lilstoney,LS01,scio,F,40.6,17.57,LowerLittleStoney,0,6,4,7,4,0,0,0,0,0,FALSE
SURV_300,6/22/2012,174,300,SURV,new,poverty,PC02,scio,M2,34.81,13.45,LowerPoverty,0,6,18,1,0,0,0,0,0,0,TRUE
SURV_301,6/22/2012,174,301,SURV,new,poverty,PC02,scio,M1,29.7,8.14,LowerPoverty,0,1,0,0,0,0,0,0,0,0,TRUE
SURV_302,6/22/2012,174,302,SURV,new,poverty,PC02,crist,F,29.55,6.64,LowerPoverty,0,1,1,0,0,0,0,0,0,0,TRUE
SURV_303,6/22/2012,174,303,SURV,new,poverty,PC02,crist,F,33.02,8.42,LowerPoverty,0,0,1,0,0,0,0,0,0,0,TRUE
SURV_304,6/22/2012,174,304,SURV,new,poverty,PC02,scio,M2,36.49,18.58,LowerPoverty,0,9,9,0,0,0,0,0,0,0,TRUE
SURV_305,6/22/2012,174,305,SURV,new,poverty,PC02,scio,M1,44.4,36.2,LowerPoverty,0,19,7,0,0,0,0,0,0,0,TRUE
SURV_306,6/22/2012,174,306,SURV,new,poverty,PC02,scio,F,35.22,15.57,LowerPoverty,0,6,3,1,0,0,0,0,1,0,TRUE
SURV_307,6/22/2012,174,307,SURV,new,poverty,PC02,crist,M2,30.42,8.09,LowerPoverty,0,4,1,0,0,0,0,0,0,0,TRUE
SURV_308,6/22/2012,174,308,SURV,new,poverty,PC02,crist,F,23.98,2.94,LowerPoverty,0,1,1,0,0,0,0,0,0,0,TRUE
SURV_309,6/22/2012,174,309,SURV,new,poverty,PC02,crist,M2,27.48,4.88,LowerPoverty,0,1,0,0,0,0,0,0,0,0,TRUE
SURV_31,10/14/2011,287,31,SURV,new,lilstoney,LS01,bart,M1,32.68,12.94,LowerLittleStoney,0,3,8,2,7,1,17,0,0,0,FALSE
SURV_310,6/22/2012,174,310,SURV,new,poverty,PC02,scio,M2,30.13,9.01,LowerPoverty,0,6,8,0,0,0,0,0,0,0,TRUE
SURV_311,6/22/2012,174,311,SURV,new,poverty,PC02,scio,M1,40.36,26.54,LowerPoverty,0,12,4,0,0,0,0,0,1,0,TRUE
SURV_312,6/22/2012,174,312,SURV,new,poverty,PC02,scio,M2,38.01,21.27,LowerPoverty,0,7,5,0,0,0,0,0,0,0,TRUE
SURV_313,6/22/2012,174,313,SURV,new,poverty,PC02,crist,F,33.4,8.95,LowerPoverty,0,3,1,0,0,0,0,0,0,0,TRUE
SURV_314,6/22/2012,174,314,SURV,new,poverty,PC02,scio,M2,37.36,17.22,LowerPoverty,0,12,13,0,0,0,0,0,0,0,TRUE
SURV_315,6/22/2012,174,315,SURV,new,poverty,PC02,crist,M2,35.65,11.05,LowerPoverty,0,1,4,0,0,0,0,0,0,0,TRUE
SURV_316,6/22/2012,174,316,SURV,new,poverty,PC02,crist,M2,30.22,7.24,LowerPoverty,0,0,0,0,0,0,0,0,0,0,TRUE
SURV_317,6/22/2012,174,317,SURV,new,poverty,PC02,scio,M2,34.27,11.65,LowerPoverty,0,3,15,0,0,0,0,0,0,0,TRUE
SURV_318,6/22/2012,174,318,SURV,new,poverty,PC02,scio,F,34.85,14.24,LowerPoverty,0,8,25,0,0,0,0,0,0,0,TRUE
SURV_319,6/22/2012,174,319,SURV,new,poverty,PC02,scio,F,31.17,9.57,LowerPoverty,0,7,1,0,0,0,0,0,1,0,TRUE
SURV_32,10/14/2011,287,32,SURV,new,lilstoney,LS01,bart,M2,26.22,5.56,LowerLittleStoney,0,0,2,0,0,0,2,0,0,0,FALSE
SURV_320,6/22/2012,174,320,SURV,new,poverty,PC02,scio,M2,38.5,20.41,LowerPoverty,0,13,17,0,0,0,0,0,1,0,TRUE
SURV_321,6/22/2012,174,321,SURV,new,poverty,PC02,crist,M2,31.2,7.12,LowerPoverty,0,5,2,0,0,0,0,0,0,0,TRUE
SURV_322,6/22/2012,174,322,SURV,new,poverty,PC02,scio,M2,26.92,6.27,LowerPoverty,0,2,4,0,0,0,0,0,0,0,TRUE
SURV_323,6/22/2012,174,323,SURV,new,toms,TC01,scio,F,24.9,4.11,Toms,1,1,0,0,0,0,0,0,0,0,TRUE
SURV_324,6/22/2012,174,324,SURV,new,toms,TC01,scio,F,32.54,11.7,Toms,15,0,0,0,0,0,0,0,0,0,TRUE
SURV_325,6/22/2012,174,325,SURV,new,toms,TC01,scio,M2,28.93,8.54,Toms,1,0,0,0,0,0,0,0,0,0,TRUE
SURV_326,6/22/2012,174,326,SURV,new,toms,TC01,crist,F,23.9,3.15,Toms,0,0,0,0,0,0,0,0,0,0,TRUE
SURV_327,6/22/2012,174,327,SURV,new,toms,TC01,scio,M2,32.48,12.63,Toms,1,0,0,0,0,0,0,0,0,0,TRUE
SURV_328,6/22/2012,174,328,SURV,new,toms,TC01,scio,M2,23.88,4.31,Toms,1,0,0,0,0,0,0,0,0,0,TRUE
SURV_33,10/14/2011,287,33,SURV,new,lilstoney,LS01,scio,F,29.84,6.95,LowerLittleStoney,0,2,3,1,5,0,0,0,0,0,FALSE
SURV_34,10/14/2011,287,34,SURV,new,lilstoney,LS01,scio,F,34.15,11.69,LowerLittleStoney,0,0,0,1,1,0,3,0,0,0,FALSE
SURV_348,6/22/2012,174,348,SURV,new,toms,TC01,crist,M2,27.17,4.63,Toms,0,0,0,0,0,0,0,0,0,0,TRUE
SURV_35,10/14/2011,287,35,SURV,new,lilstoney,LS01,bart,M2,23.32,3.65,LowerLittleStoney,0,0,0,0,0,0,0,0,0,0,FALSE
SURV_36,10/14/2011,287,36,SURV,new,lilstoney,LS01,scio,F,43.14,25.37,LowerLittleStoney,0,3,1,6,3,0,7,0,0,0,FALSE
SURV_37,10/14/2011,287,37,SURV,new,spruce,SR01,scio,F,33.41,10.83,LowerSpruce,0,1,0,0,0,0,0,0,0,0,FALSE
SURV_38,10/14/2011,287,38,SURV,new,spruce,SR01,bart,F,34.54,14.15,LowerSpruce,5,0,7,0,0,0,0,0,0,0,FALSE
SURV_39,10/14/2011,287,39,SURV,new,spruce,SR01,scio,F,22.9,3.82,LowerSpruce,0,0,4,0,0,0,0,0,0,0,FALSE
SURV_396,9/15/2012,259,396,SURV,new,sink,SC03,scio,F,46.81,30.16,LowerSink,0,3,31,21,0,0,0,0,4,0,FALSE
SURV_397,9/15/2012,259,397,SURV,new,sink,SC03,scio,M2,41.05,22.39,LowerSink,0,3,43,21,0,0,0,0,4,0,FALSE
SURV_398,9/15/2012,259,398,SURV,new,sink,SC03,scio,M2,40.19,21.49,LowerSink,0,3,19,8,0,0,0,0,1,0,FALSE
SURV_399,9/15/2012,259,399,SURV,new,sink,SC03,scio,F,42.3,21.62,LowerSink,0,0,12,2,0,0,0,0,0,0,FALSE
SURV_4,10/7/2011,280,4,SURV,new,sink,SC01,scio,M1,47.32,29.54,LowerSink,0,7,42,11,0,0,0,4,0,0,FALSE
SURV_40,10/14/2011,287,40,SURV,new,spruce,SR01,bart,F,26.86,5.46,LowerSpruce,2,0,1,0,0,0,0,0,0,0,FALSE
SURV_400,9/15/2012,259,400,SURV,new,sink,SC03,scio,F,43.65,29.1,LowerSink,0,2,19,2,0,0,0,0,0,0,FALSE
SURV_401,9/15/2012,259,401,SURV,new,sink,SC03,scio,F,50.38,36.06,LowerSink,0,2,59,8,0,0,0,0,1,0,FALSE
SURV_402,9/15/2012,259,402,SURV,new,sink,SC03,scio,M2,41.72,23.78,LowerSink,0,2,29,6,0,0,0,0,6,0,FALSE
SURV_403,9/15/2012,259,403,SURV,new,sink,SC03,scio,M2,27.22,5.73,LowerSink,0,0,18,5,0,0,0,0,0,0,FALSE
SURV_404,9/15/2012,259,404,SURV,new,sink,SC03,scio,M2,42.41,25.89,LowerSink,0,1,9,9,0,0,0,0,1,0,FALSE
SURV_405,9/15/2012,259,405,SURV,new,sink,SC03,scio,F,43,23.2,LowerSink,0,5,17,20,0,0,0,0,0,0,FALSE
SURV_406,9/15/2012,259,406,SURV,new,sink,SC03,scio,M2,44.23,25.09,LowerSink,0,3,5,6,0,0,0,0,0,0,FALSE
SURV_407,9/15/2012,259,407,SURV,new,sink,SC03,scio,F,39.49,19.97,LowerSink,0,3,28,16,0,0,0,0,1,0,FALSE
SURV_408,9/15/2012,259,408,SURV,new,sink,SC08,scio,F,40.08,22.74,LowerSink,0,6,57,14,0,0,0,0,0,0,FALSE
SURV_409,9/15/2012,259,409,SURV,new,sink,SC08,scio,M2,38.72,20.63,LowerSink,0,2,94,40,0,0,0,0,0,0,FALSE
SURV_41,10/14/2011,287,41,SURV,new,spruce,SR01,bart,F,28.09,7.51,LowerSpruce,0,0,3,0,0,0,0,0,0,0,FALSE
SURV_410,9/15/2012,259,410,SURV,new,sink,SC08,scio,F,37.07,16.86,LowerSink,0,0,30,3,0,0,0,0,0,0,FALSE
SURV_411,9/15/2012,259,411,SURV,new,sink,SC08,scio,M2,42.43,21.43,LowerSink,0,5,41,17,0,0,0,0,0,0,FALSE
SURV_412,9/15/2012,259,412,SURV,new,sink,SC08,scio,M2,40.82,21.55,LowerSink,0,5,51,38,0,0,0,0,0,0,FALSE
SURV_413,9/15/2012,259,413,SURV,new,sink,SC08,scio,F,38.5,19.04,LowerSink,0,3,30,18,0,0,0,0,0,0,FALSE
SURV_414,9/15/2012,259,414,SURV,new,sink,SC08,scio,F,41.07,25.43,LowerSink,0,4,65,13,0,0,0,0,0,0,FALSE
SURV_415,9/15/2012,259,415,SURV,new,sink,SC08,scio,M2,37.55,14.04,LowerSink,0,1,8,5,0,0,0,0,0,0,FALSE
SURV_416,9/15/2012,259,416,SURV,new,sink,SC08,scio,M2,52.67,47.32,LowerSink,0,16,58,17,0,0,0,0,0,0,FALSE
SURV_417,9/15/2012,259,417,SURV,new,sink,SC08,scio,M2,41.17,24.21,LowerSink,0,3,40,15,0,0,0,0,0,0,FALSE
SURV_418,9/15/2012,259,418,SURV,new,sink,SC08,scio,M2,41.5,23.37,LowerSink,0,7,83,16,0,0,0,0,0,0,FALSE
SURV_419,9/15/2012,259,419,SURV,new,sink,SC08,scio,F,35.16,14.79,LowerSink,0,0,41,4,0,0,0,0,0,0,FALSE
SURV_42,10/14/2011,287,42,SURV,new,spruce,SR01,scio,F,28.79,9.25,LowerSpruce,0,0,1,0,0,0,0,0,0,0,FALSE
SURV_420,9/20/2012,264,420,SURV,new,lilstoney,LS02,bart,M2,35.73,12.03,UpperLittleStoney,22,0,0,0,0,2,7,0,0,0,FALSE
SURV_421,9/20/2012,264,421,SURV,new,lilstoney,LS02,bart,M2,32.81,10.17,UpperLittleStoney,7,0,0,0,0,6,17,0,0,0,FALSE
SURV_422,9/20/2012,264,422,SURV,new,lilstoney,LS02,bart,F,33.38,10.62,UpperLittleStoney,18,0,0,0,0,3,19,0,0,0,FALSE
SURV_423,9/20/2012,264,423,SURV,new,lilstoney,LS02,bart,M2,24.5,6.32,UpperLittleStoney,12,0,0,0,0,0,14,0,0,0,FALSE
SURV_424,9/20/2012,264,424,SURV,new,lilstoney,LS02,bart,M2,32.46,10.08,UpperLittleStoney,17,0,0,0,0,35,8,0,0,0,FALSE
SURV_425,9/20/2012,264,425,SURV,new,lilstoney,LS02,bart,F,30.49,8.07,UpperLittleStoney,20,0,0,0,0,0,13,0,0,0,FALSE
SURV_426,9/20/2012,264,426,SURV,new,lilstoney,LS02,bart,M2,27.96,6.49,UpperLittleStoney,3,0,0,0,0,0,3,0,0,0,FALSE
SURV_427,9/20/2012,264,427,SURV,new,lilstoney,LS02,bart,M2,32.31,9.77,UpperLittleStoney,4,0,0,0,0,14,3,0,0,0,FALSE
SURV_428,9/30/2012,274,428,SURV,new,lilstoney,LS02,bart,F,26.54,5.42,UpperLittleStoney,8,0,0,0,0,0,3,0,0,0,FALSE
SURV_429,9/30/2012,274,429,SURV,new,lilstoney,LS02,bart,F,29.04,6.41,UpperLittleStoney,19,0,0,0,0,0,9,0,0,0,FALSE
SURV_43,10/14/2011,287,43,SURV,new,spruce,SR01,bart,F,25.65,4.85,LowerSpruce,0,0,1,0,0,0,0,0,0,0,FALSE
SURV_430,9/30/2012,274,430,SURV,new,lilstoney,LS02,bart,M2,25.68,5.3,UpperLittleStoney,4,0,0,0,0,0,0,0,0,0,FALSE
SURV_431,10/6/2012,280,431,SURV,new,sink,SC01T,bart,F,29.62,9.28,LowerSink_T,0,0,0,0,0,2,0,0,0,0,FALSE
SURV_432,10/6/2012,280,432,SURV,new,sink,SC01T,bart,M2,30.9,8.19,LowerSink_T,1,0,0,0,0,0,0,0,0,0,FALSE
SURV_433,10/6/2012,280,433,SURV,new,sink,SC01T,bart,M2,31.16,10.82,LowerSink_T,0,0,0,0,0,3,0,0,0,0,FALSE
SURV_434,10/6/2012,280,434,SURV,new,sink,SC01T,bart,F,26.01,5.21,LowerSink_T,0,0,0,0,0,0,0,0,0,0,FALSE
SURV_436,10/6/2012,280,436,SURV,new,sink,SC01T,bart,F,32.96,11.74,LowerSink_T,0,0,0,0,0,0,0,0,0,0,FALSE
SURV_44,10/14/2011,287,44,SURV,new,spruce,SR01,bart,M2,17.83,1.63,LowerSpruce,0,0,1,0,0,0,0,0,0,0,FALSE
SURV_45,10/14/2011,287,45,SURV,new,spruce,SR01,bart,F,26.53,5.82,LowerSpruce,8,0,9,0,0,0,0,0,0,0,FALSE
SURV_451,2/12/2013,43,451,SURV,new,bigstoney,BS03,scio,F,34.17,13.26,UpperBigStoney,0,2,5,33,16,2,0,0,0,0,TRUE
SURV_452,2/12/2013,43,452,SURV,new,bigstoney,BS03,scio,F,35.32,13.21,UpperBigStoney,0,9,2,47,4,1,2,0,0,0,TRUE
SURV_453,2/12/2013,43,453,SURV,new,bigstoney,BS03,scio,F,30.33,7.35,UpperBigStoney,0,1,6,31,2,0,0,0,3,0,TRUE
SURV_454,2/12/2013,43,454,SURV,new,bigstoney,BS03,scio,M2,39.08,19.08,UpperBigStoney,0,9,2,33,5,0,4,0,1,0,TRUE
SURV_455,2/12/2013,43,455,SURV,new,bigstoney,BS03,scio,F,33.97,13.09,UpperBigStoney,0,2,4,29,13,0,9,0,0,0,TRUE
SURV_456,2/12/2013,43,456,SURV,new,bigstoney,BS03,scio,M2,50.83,51.32,UpperBigStoney,0,9,4,13,77,0,6,0,0,0,TRUE
SURV_457,2/12/2013,43,457,SURV,new,bigstoney,BS03,scio,M2,40.25,22.89,UpperBigStoney,0,7,2,11,13,0,2,0,0,0,TRUE
SURV_458,2/12/2013,43,458,SURV,new,bigstoney,BS03,scio,F,36.42,14.17,UpperBigStoney,0,9,10,36,7,0,3,0,0,0,TRUE
SURV_459,2/12/2013,43,459,SURV,new,bigstoney,BS03,scio,M2,40.19,25.75,UpperBigStoney,0,8,4,33,9,1,10,0,0,0,TRUE
SURV_46,10/14/2011,287,46,SURV,new,spruce,SR01,scio,F,19.23,2.38,LowerSpruce,1,0,1,0,0,0,0,0,0,0,FALSE
SURV_460,2/12/2013,43,460,SURV,new,bigstoney,BS03,scio,M2,49.65,47.11,UpperBigStoney,0,14,4,40,33,0,12,0,1,0,TRUE
SURV_461,2/12/2013,43,461,SURV,new,bigstoney,BS03,scio,M2,32.34,9.78,UpperBigStoney,0,1,7,43,7,2,3,0,0,0,TRUE
SURV_462,2/12/2013,43,462,SURV,new,bigstoney,BS03,scio,M2,46.38,35.41,UpperBigStoney,0,5,3,21,9,1,7,0,0,0,TRUE
SURV_463,2/12/2013,43,463,SURV,new,bigstoney,BS02,scio,M2,40.9,24.84,UpperBigStoney,0,14,10,79,7,0,15,0,3,0,TRUE
SURV_464,2/12/2013,43,464,SURV,new,bigstoney,BS02,scio,M2,32.47,9.995,UpperBigStoney,0,1,8,42,3,4,1,0,0,0,TRUE
SURV_465,2/12/2013,43,465,SURV,new,bigstoney,BS02,scio,F,36.45,15.76,UpperBigStoney,0,1,1,30,6,2,11,0,1,0,TRUE
SURV_466,2/12/2013,43,466,SURV,new,bigstoney,BS02,scio,F,37.6,16.2,UpperBigStoney,0,5,3,58,1,0,4,0,0,0,TRUE
SURV_467,2/12/2013,43,467,SURV,new,bigstoney,BS02,scio,M2,37.07,11.69,UpperBigStoney,0,1,0,6,7,0,0,0,0,0,TRUE
SURV_468,2/12/2013,43,468,SURV,new,bigstoney,BS02,scio,F,32.79,9.79,UpperBigStoney,0,3,4,23,7,0,2,0,0,0,TRUE
SURV_469,2/12/2013,43,469,SURV,new,bigstoney,BS02,scio,M2,44.07,23.07,UpperBigStoney,0,10,7,18,18,0,2,0,0,0,TRUE
SURV_47,1/31/2012,31,47,SURV,new,sink,SC03,scio,M2,48.59,40.86,LowerSink,0,23,83,31,0,0,1,0,3,0,FALSE
SURV_470,2/12/2013,43,470,SURV,new,bigstoney,BS02,scio,M2,40.17,21.04,UpperBigStoney,0,5,3,29,26,0,6,0,1,0,TRUE
SURV_471,2/12/2013,43,471,SURV,new,bigstoney,BS02,scio,F,34.7,8.68,UpperBigStoney,0,1,3,14,5,0,0,0,0,0,TRUE
SURV_472,2/12/2013,43,472,SURV,new,bigstoney,BS02,crist,M2,15.56,1.03,UpperBigStoney,0,0,0,3,0,0,0,0,0,0,TRUE
SURV_473,2/12/2013,43,473,SURV,new,bigstoney,BS02,scio,M2,44.82,28.48,UpperBigStoney,0,19,7,20,26,0,21,0,1,0,TRUE
SURV_474,2/12/2013,43,474,SURV,new,bigstoney,BS02,scio,F,24.67,3.56,UpperBigStoney,0,0,4,6,0,0,0,0,0,0,TRUE
SURV_475,2/12/2013,43,475,SURV,new,bigstoney,BS02,scio,F,29.18,7.17,UpperBigStoney,0,1,2,10,7,0,0,0,1,0,TRUE
SURV_48,1/31/2012,31,48,SURV,new,sink,SC03,scio,M2,45.64,36.25,LowerSink,0,24,76,38,0,0,0,0,4,0,FALSE
SURV_49,1/31/2012,31,49,SURV,new,sink,SC03,scio,M1,42.6,28.21,LowerSink,0,5,52,23,0,0,0,0,0,0,FALSE
SURV_5,10/7/2011,280,5,SURV,new,sink,SC02,scio,M1,43.14,27.86,LowerSink,0,1,46,0,0,0,0,0,0,0,FALSE
SURV_50,1/31/2012,31,50,SURV,new,sink,SC03,scio,M1,48.56,44.9,LowerSink,0,16,54,51,0,0,0,0,1,0,FALSE
SURV_51,1/31/2012,31,51,SURV,new,sink,SC03,scio,F,39.51,21.04,LowerSink,0,7,44,44,0,0,0,0,0,0,FALSE
SURV_52,1/31/2012,31,52,SURV,new,sink,SC04,scio,F,35.24,15.5,LowerSink,0,0,14,1,0,0,0,0,3,0,FALSE
SURV_53,1/31/2012,31,53,SURV,new,sink,SC04,scio,F,30.49,9.26,LowerSink,0,0,29,20,0,0,0,1,0,0,FALSE
SURV_54,2/1/2012,32,54,SURV,new,poverty,PC01,scio,M2,22.88,3.03,UpperPoverty,2,0,0,0,0,0,0,0,0,0,TRUE
SURV_55,2/1/2012,32,55,SURV,new,poverty,PC01,scio,F,20.9,2.33,UpperPoverty,1,0,0,0,0,0,0,0,0,0,TRUE
SURV_56,2/1/2012,32,56,SURV,new,poverty,PC01,bart,M2,23.59,3.6,UpperPoverty,6,0,0,0,0,0,0,0,0,0,TRUE
SURV_57,2/1/2012,32,57,SURV,new,poverty,PC01,virilis,F,32.15,7.64,UpperPoverty,3,0,0,0,0,0,0,0,0,0,TRUE
SURV_58,2/1/2012,32,58,SURV,new,poverty,PC01,virilis,M1,34.36,13.33,UpperPoverty,8,0,0,0,0,0,0,0,0,0,TRUE
SURV_59,2/1/2012,32,59,SURV,new,poverty,PC01,bart,M2,36.31,13.45,UpperPoverty,5,0,0,0,2,0,0,0,0,0,TRUE
SURV_6,10/7/2011,280,6,SURV,new,sink,SC02,scio,F,35.58,15.37,UpperSink,0,0,65,1,0,0,0,0,0,0,FALSE
SURV_60,2/1/2012,32,60,SURV,new,poverty,PC01,scio,M2,23.78,3.26,UpperPoverty,0,0,0,0,0,0,0,0,0,0,TRUE
SURV_61,2/1/2012,32,61,SURV,new,poverty,PC01,scio,M2,24.08,3.6,UpperPoverty,6,0,0,0,0,0,0,0,0,0,TRUE
SURV_62,2/1/2012,32,62,SURV,new,poverty,PC01,scio,F,21.57,2.99,UpperPoverty,2,0,0,0,0,0,0,0,0,0,TRUE
SURV_63,2/17/2012,48,63,SURV,new,sink,SC01,scio,M2,44.44,36.11,LowerSink,0,4,14,6,0,0,0,30,0,0,FALSE
SURV_64,2/17/2012,48,64,SURV,new,sink,SC01,scio,M2,41.97,27.31,LowerSink,0,5,26,11,0,0,0,22,0,0,FALSE
SURV_65,2/17/2012,48,65,SURV,new,sink,SC01,scio,F,38.46,21.2,LowerSink,0,7,14,6,0,0,0,15,0,0,FALSE
SURV_66,2/17/2012,48,66,SURV,new,sink,SC01,scio,M1,39.73,26.86,LowerSink,0,11,24,18,0,0,0,31,0,0,FALSE
SURV_67,2/17/2012,48,67,SURV,new,sink,SC01,scio,M1,36.45,18.12,LowerSink,0,8,14,4,0,0,0,5,0,0,FALSE
SURV_68,2/17/2012,48,68,SURV,new,sink,SC01,scio,F,31.59,11.45,LowerSink,0,1,28,24,0,0,0,0,0,0,FALSE
SURV_69,2/17/2012,48,69,SURV,new,sink,SC01,scio,M1,36.89,22.23,LowerSink,0,7,14,10,0,0,0,7,0,0,FALSE
SURV_7,10/7/2011,280,7,SURV,new,sink,SC02,scio,F,35,15.08,UpperSink,0,0,15,0,0,0,0,0,0,0,FALSE
SURV_70,2/17/2012,48,70,SURV,new,sink,SC01,scio,F,33.94,12.62,LowerSink,0,1,13,2,0,0,0,2,0,0,FALSE
SURV_71,2/27/2012,58,71,SURV,new,sink,SC01,scio,M2,31.19,10.45,LowerSink,0,1,20,7,0,0,0,0,0,0,FALSE
SURV_72,2/27/2012,58,72,SURV,new,sink,SC01,scio,F,39.68,23.69,LowerSink,0,9,9,43,0,0,0,4,0,0,FALSE
SURV_73,2/27/2012,58,73,SURV,new,sink,SC01,scio,M1,32.89,13.75,LowerSink,0,3,7,13,0,0,0,0,0,0,FALSE
SURV_74,2/27/2012,58,74,SURV,new,sink,SC01,scio,F,32.86,14.2,LowerSink,0,2,24,42,0,0,0,1,1,0,FALSE
SURV_75,2/27/2012,58,75,SURV,new,sink,SC01,scio,M1,38.64,25.27,LowerSink,0,1,18,11,0,0,0,18,0,0,FALSE
SURV_76,2/27/2012,58,76,SURV,new,sink,SC01,scio,F,30.39,9.95,LowerSink,0,1,10,19,0,0,0,0,0,0,FALSE
SURV_77,2/27/2012,58,77,SURV,new,sink,SC01,scio,F,38.91,18.62,LowerSink,0,3,9,1,0,0,0,0,0,0,FALSE
SURV_78,2/27/2012,58,78,SURV,new,sink,SC01,scio,F,19.67,2.52,LowerSink,0,0,6,0,0,0,0,0,0,0,FALSE
SURV_79,2/27/2012,58,79,SURV,new,sink,SC01,scio,M2,23.61,4.15,LowerSink,0,0,5,7,0,0,0,0,0,0,FALSE
SURV_8,10/7/2011,280,8,SURV,new,sink,SC02,scio,M2,40.16,22.5,UpperSink,0,2,8,0,0,0,0,0,0,0,FALSE
SURV_80,2/27/2012,58,80,SURV,new,sink,SC01,scio,F,18.92,2.32,LowerSink,0,0,3,0,0,0,0,0,0,0,FALSE
SURV_81,2/27/2012,58,81,SURV,new,sink,SC01,scio,F,34.94,16.43,LowerSink,0,1,6,2,0,0,0,0,0,0,FALSE
SURV_82,2/27/2012,58,82,SURV,new,sink,SC01,scio,F,31.66,13.04,LowerSink,0,0,55,30,0,0,0,8,0,0,FALSE
SURV_83,2/27/2012,58,83,SURV,new,sink,SC01,scio,F,26.88,6.75,LowerSink,0,0,3,12,0,0,0,0,0,0,FALSE
SURV_84,2/27/2012,58,84,SURV,new,sink,SC01,scio,M1,48.73,49.21,LowerSink,0,6,27,12,0,0,0,8,0,0,FALSE
SURV_85,2/27/2012,58,85,SURV,new,sink,SC01,scio,F,35.72,16.55,LowerSink,0,0,6,24,0,0,0,7,0,0,FALSE
SURV_86,2/27/2012,58,86,SURV,new,sink,SC01,scio,M1,43.37,31.69,LowerSink,0,3,6,18,0,0,0,13,0,0,FALSE
SURV_87,2/27/2012,58,87,SURV,new,sink,SC01,scio,M2,24.36,5.58,LowerSink,0,0,6,6,0,0,0,0,0,0,FALSE
SURV_88,2/27/2012,58,88,SURV,new,sink,SC01,scio,M2,21.34,3.99,LowerSink,0,0,16,13,0,0,0,0,0,0,FALSE
SURV_89,2/27/2012,58,89,SURV,new,sink,SC01,scio,M2,19.26,2.38,LowerSink,0,0,12,4,0,0,0,0,0,0,FALSE
SURV_90,2/27/2012,58,90,SURV,new,sink,SC01,scio,M2,29.64,9.63,LowerSink,0,1,4,11,0,0,0,0,0,0,FALSE
SURV_91,2/27/2012,58,91,SURV,new,sink,SC01,scio,M2,26.21,7.05,LowerSink,0,0,20,6,0,0,0,0,0,0,FALSE
SURV_92,2/27/2012,58,92,SURV,new,sink,SC01,scio,F,33.8,13.94,LowerSink,0,0,8,1,0,0,0,1,0,0,FALSE
SURV_93,2/27/2012,58,93,SURV,new,sink,SC01,scio,M2,22.03,3.61,LowerSink,0,1,17,2,0,0,0,0,0,0,FALSE
SURV_94,2/27/2012,58,94,SURV,new,sink,SC01,scio,F,33.08,14.28,LowerSink,0,0,3,0,0,0,0,2,0,0,FALSE
SURV_95,2/27/2012,58,95,SURV,new,sink,SC01,scio,F,35.09,15.3,LowerSink,0,0,9,1,0,0,0,0,0,0,FALSE
SURV_96,2/27/2012,58,96,SURV,new,sink,SC01,scio,F,36.59,18.7,LowerSink,0,1,5,1,0,0,0,5,0,0,FALSE
SURV_97,2/27/2012,58,97,SURV,new,sink,SC01,scio,F,29.49,9.04,LowerSink,0,0,32,56,0,0,0,2,0,0,FALSE
SURV_98,2/27/2012,58,98,SURV,new,sink,SC01,scio,F,33.52,14.43,LowerSink,0,4,14,4,0,0,0,2,0,0,FALSE
SURV_99,2/27/2012,58,99,SURV,new,sink,SC01,scio,F,40.25,20.25,LowerSink,0,0,4,2,0,0,0,0,0,0,FALSE
