"","DATE","JULIAN_DAY","WATERSHED","STREAM","SPEC","SEX","CL","MASS","worms"
"MAGN_1_1A","6/8/2013",159,"new","bigstoney","scio","M1",31.5,9.22,108
"MAGN_1_1B","6/8/2013",159,"new","bigstoney","scio","F",33,10.92,213
"MAGN_1_1C","6/8/2013",159,"new","bigstoney","scio","M2",34.5,15.65,208
"MAGN_1_2A","6/8/2013",159,"new","lilstoney","scio","M2",33.5,10.69,194
"MAGN_1_2B","6/8/2013",159,"new","sink","scio","F",36,17.04,203
"MAGN_1_2C","6/8/2013",159,"new","toms","scio","F",34,13.69,125
"MAGN_1_3A","6/8/2013",159,"new","bigstoney","scio","F",34.5,11.78,182
"MAGN_1_3B","6/8/2013",159,"new","bigstoney","scio","F",32.5,10.05,186
"MAGN_1_3C","6/8/2013",159,"new","spruce","scio","M2",26,6.48,95
"MAGN_1_4A","6/8/2013",159,"new","spruce","scio","M2",36.5,15.49,236
"MAGN_1_4B","6/8/2013",159,"new","bigstoney","scio","M2",36.5,16.78,287
"MAGN_1_4C","6/8/2013",159,"new","sink","scio","M2",25,5.32,44
"MAGN_2_1","6/15/2013",166,"new","sink","scio","F",33.19,13.21,207
"MAGN_2_11","6/15/2013",166,"new","sink","scio","M2",34.13,18.21,147
"MAGN_2_12","6/15/2013",166,"new","poverty","scio","M2",34.67,18.36,93
"MAGN_2_13","6/15/2013",166,"new","sink","scio","F",33.36,14.15,160
"MAGN_2_15","6/15/2013",166,"new","bigstoney","scio","M2",34.6,15.77,253
"MAGN_2_2","6/15/2013",166,"new","bigstoney","scio","F",38.08,21.7,92
"MAGN_2_4","6/15/2013",166,"new","poverty","scio","F",39.3,24.61,65
"MAGN_2_5","6/15/2013",166,"new","sink","scio","F",36.71,18.72,438
"MAGN_2_6","6/15/2013",166,"new","sink","scio","M2",40.13,25.8,230
"MAGN_2_7","6/15/2013",166,"new","toms","scio","M2",34.48,16.15,210
"MAGN_2_8","6/15/2013",166,"new","bigstoney","scio","F",34.17,15.31,130
"MAGN_2_9","6/15/2013",166,"new","sink","scio","F",36.44,17.91,101
"MAGN_3_1","7/18/2013",199,"new","poverty","scio","M2",35.91,15.42,283
"MAGN_3_2","6/18/2013",169,"new","spruce","scio","M2",34.01,12.82,254
"MAGN_3_3","6/18/2013",169,"new","bigstoney","scio","M2",34.97,15.23,237
"MAGN_3_4","6/18/2013",169,"new","lilstoney","scio","F",34,14.32,197
"MAGN_3_5","6/18/2013",169,"new","spruce","scio","F",29.38,9.7,119
"MAGN_3_6","6/18/2013",169,"new","sink","scio","F",34.56,12.92,207
"MAGN_4_1","6/22/2013",173,"new","bigstoney","scio","M2",33.61,16.9,68
"MAGN_4_10","6/22/2013",173,"new","sink","scio","M2",35.28,16.06,88
"MAGN_4_12","6/22/2013",173,"new","sink","scio","M2",29.76,10.09,59
"MAGN_4_2","6/22/2013",173,"new","toms","scio","F",34.17,15.02,26
"MAGN_4_3","6/22/2013",173,"new","sink","scio","F",41.73,28.36,88
"MAGN_4_5","6/22/2013",173,"new","poverty","scio","M2",36.5,17.27,110
"MAGN_4_6","6/22/2013",173,"new","sink","scio","F",34.85,14.2,116
"MAGN_4_8","6/22/2013",173,"new","bigstoney","scio","F",27.92,7.68,41
"MAGN_4_9","6/22/2013",173,"new","bigstoney","scio","F",39.62,23.95,27
"MAGN_5_1","7/4/2013",185,"new","bigstoney","scio","M2",32.44,13.36,66
"MAGN_5_10","7/4/2013",185,"new","sink","scio","F",30,10.86,152
"MAGN_5_11","7/4/2013",185,"new","poverty","scio","F",32,10.43,237
"MAGN_5_12","7/4/2013",185,"new","sink","scio","M2",32,11.73,42
"MAGN_5_2","7/4/2013",185,"new","bigstoney","scio","F",32,12.32,49
"MAGN_5_3","7/4/2013",185,"new","toms","scio","M2",36.5,15.28,103
"MAGN_5_4","7/4/2013",185,"new","bigstoney","scio","F",32.5,15.31,102
"MAGN_5_5","7/4/2013",185,"new","bigstoney","scio","M2",35,15.74,81
"MAGN_5_6","7/4/2013",185,"new","sink","scio","M2",35,21.37,114
"MAGN_5_7","7/4/2013",185,"new","bigstoney","scio","M2",30,9.8,79
"MAGN_5_8","7/4/2013",185,"new","sink","scio","F",31,10.67,147
"MAGN_5_9","7/4/2013",185,"new","bigstoney","scio","M2",30,11.04,87
"MICRO_BS01","7/20/2012",202,"new","sink","scio","M2",31.98,9.621,55
"MICRO_BS02","7/20/2012",202,"new","bigstoney","scio","M2",38.82,17.785,37
"MICRO_BS03","7/20/2012",202,"new","bigstoney","scio","M1",46.68,33.605,80
"MICRO_BS04","7/20/2012",202,"new","sink","scio","M2",31.96,8.852,23
"MICRO_BS05","7/20/2012",202,"new","spruce","scio","F",34.09,11.029,65
"MICRO_BS06","7/20/2012",202,"new","toms","scio","F",33.24,10.799,39
"MICRO_BS07","7/20/2012",202,"new","sink","scio","M1",43.34,23.6,63
"MICRO_BS08","7/20/2012",202,"new","lilstoney","scio","M1",39.34,20.513,35
"MICRO_BS09","7/20/2012",202,"new","sink","scio","M1",48.14,42.951,38
"MICRO_BS10","7/20/2012",202,"new","sink","scio","M1",49.04,43.703,88
"MICRO_BS11","7/20/2012",202,"new","bigstoney","scio","M1",37.67,16.138,65
"MICRO_BS12","7/20/2012",202,"new","poverty","scio","M1",36.78,14.584,46
"MICRO_BS13","7/20/2012",202,"new","poverty","scio","M2",33.71,10.678,55
"MICRO_SC01","7/20/2014",201,"new","bigstoney","scio","M2",37.76,19.587,32
"MICRO_SC02","7/20/2014",201,"new","sink","scio","M2",38.1,17.673,57
"MICRO_SC03","7/20/2014",201,"new","lilstoney","scio","F",30.83,10.46,45
"MICRO_SC04","7/20/2014",201,"new","sink","scio","F",35.06,15.301,41
"MICRO_SC05","7/20/2014",201,"new","sink","scio","F",38.24,18.792,94
"MICRO_SC06","7/20/2014",201,"new","sink","scio","M2",36.35,16.083,80
"MICRO_SC07","7/20/2014",201,"new","poverty","scio","F",33.02,11.919,66
"MICRO_SC08","7/20/2014",201,"new","sink","scio","F",28.89,7.821,31
"MICRO_SC09","7/20/2014",201,"new","lilstoney","scio","M2",34.22,12.52,58
"MICRO_SC11","7/20/2014",201,"new","lilstoney","scio","M2",34.8,15.302,51
"MICRO_SC12","7/20/2014",201,"new","sink","scio","F",33.63,12.152,40
"MICRO_SR01","7/20/2014",201,"new","bigstoney","scio","F",41.04,22.901,24
"MICRO_SR02","7/20/2014",201,"new","sink","scio","F",32.3,11.223,6
"MICRO_SR03","7/20/2014",201,"new","bigstoney","scio","F",37.44,17.963,1
"MICRO_SR04","7/20/2014",201,"new","bigstoney","scio","F",35.59,14.528,17
"MICRO_SR05","7/20/2014",201,"new","sink","scio","F",30.75,8.932,1
"MICRO_SR06","7/20/2014",201,"new","spruce","scio","F",33.33,13.688,0
"MICRO_SR07","7/20/2014",201,"new","sink","scio","F",33.74,13.588,22
"MICRO_SR08","7/20/2014",201,"new","bigstoney","scio","F",30.59,8.958,2
"MICRO_SR09","7/20/2014",201,"new","sink","scio","F",35.35,15.353,14
"MICRO_SR10","7/20/2014",201,"new","sink","scio","F",25.98,6.002,2
"MICRO_SR11","7/20/2014",201,"new","bigstoney","scio","F",28.7,7.723,1
"MICRO_SR12","7/20/2014",201,"new","sink","scio","F",34.89,14.108,10
"MICRO_TC01","7/20/2014",201,"new","spruce","scio","F",31.22,9.241,3
"MICRO_TC02","7/20/2014",201,"new","sink","scio","M2",32.08,9.826,3
"MICRO_TC03","7/20/2014",201,"new","poverty","scio","M2",34.69,13.602,5
"MICRO_TC04","7/20/2014",201,"new","spruce","scio","F",30.15,7.728,0
"MICRO_TC05","7/20/2014",201,"new","spruce","scio","M2",34.15,13.417,5
"MICRO_TC06","7/20/2014",201,"new","sink","scio","F",27.32,6.254,1
"MICRO_TC07","7/20/2014",201,"new","sink","scio","M2",31.68,10.491,15
"MICRO_TC08","7/20/2014",201,"new","bigstoney","scio","M2",31.39,10.741,13
"MICRO_TC09","7/20/2014",201,"new","sink","scio","F",31.94,9.314,3
"MICRO_TC10","7/20/2014",201,"new","sink","scio","F",30.69,9.43,3
"MICRO_TC11","7/20/2014",201,"new","bigstoney","scio","M2",28.41,7.701,9
"MICRO_TC12","7/20/2012",202,"new","sink","scio","M2",26.81,5.703,3
"QUANT_1_1_1","6/10/2014",161,"new","sink","scio","M2",27.55,4.2,4
"QUANT_1_1_2","6/10/2014",161,"new","bigstoney","scio","F",20.32,2.3,19
"QUANT_1_1_3","6/10/2014",161,"new","bigstoney","scio","F",19.1,1.59,8
"QUANT_1_10_1","6/10/2014",161,"new","spruce","scio","F",31.93,9.71,56
"QUANT_1_10_2","6/10/2014",161,"new","bigstoney","scio","F",38.45,19.96,50
"QUANT_1_10_3","6/10/2014",161,"new","lilstoney","scio","F",36.44,15.75,67
"QUANT_1_10_4","6/10/2014",161,"new","bigstoney","scio","M1",37.13,20,41
"QUANT_1_10_5","6/10/2014",161,"new","sink","scio","M2",33.91,12.97,93
"QUANT_1_2_1","6/10/2014",161,"new","bigstoney","scio","F",35.19,13.44,60
"QUANT_1_2_2","6/10/2014",161,"new","spruce","scio","F",23.16,3.84,20
"QUANT_1_2_3","6/10/2014",161,"new","lilstoney","scio","F",23.2,3.02,27
"QUANT_1_2_4","6/10/2014",161,"new","sink","scio","M2",21.34,1.93,6
"QUANT_1_2_5","6/10/2014",161,"new","sink","scio","F",34.56,12.3,64
"QUANT_1_2_6","6/10/2014",161,"new","sink","scio","M2",22,3.27,29
"QUANT_1_2_7","6/10/2014",161,"new","spruce","scio","F",22.51,3.5,21
"QUANT_1_3_1","6/10/2014",161,"new","sink","scio","M2",26.45,5.44,28
"QUANT_1_3_2","6/10/2014",161,"new","sink","scio","M2",19.84,2.2,16
"QUANT_1_3_3","6/10/2014",161,"new","lilstoney","scio","F",23.2,3.46,22
"QUANT_1_3_4","6/10/2014",161,"new","sink","scio","F",19.69,2.07,7
"QUANT_1_3_5","6/10/2014",161,"new","lilstoney","scio","M2",27.41,5.71,21
"QUANT_1_4_1","6/10/2014",161,"new","sink","scio","F",12.9,0.14,0
"QUANT_1_4_2","6/10/2014",161,"new","bigstoney","scio","M2",23.56,4.16,26
"QUANT_1_4_3","6/10/2014",161,"new","sink","scio","M2",22.19,3.11,25
"QUANT_1_4_4","6/10/2014",161,"new","sink","scio","M2",23.3,3.89,12
"QUANT_1_5_1","6/10/2014",161,"new","bigstoney","scio","F",11.54,0.77,0
"QUANT_1_5_2","6/10/2014",161,"new","bigstoney","scio","M2",21.76,3.47,25
"QUANT_1_5_3","6/10/2014",161,"new","bigstoney","scio","F",21.59,3.09,23
"QUANT_1_5_4","6/10/2014",161,"new","lilstoney","scio","M2",25.16,5.12,29
"QUANT_1_6_1","6/10/2014",161,"new","sink","scio","F",10.99,0.28,2
"QUANT_1_6_2","6/10/2014",161,"new","bigstoney","scio","M2",31.76,9.42,43
"QUANT_1_6_3","6/10/2014",161,"new","sink","scio","M1",38.4,22.22,59
"QUANT_1_6_4","6/10/2014",161,"new","sink","scio","F",20.58,3.12,26
"QUANT_1_7_1","6/10/2014",161,"new","bigstoney","scio","M2",24.2,3.62,28
"QUANT_1_7_2","6/10/2014",161,"new","sink","scio","F",27.47,7.31,59
"QUANT_1_7_3","6/10/2014",161,"new","sink","scio","F",23.76,4.15,9
"QUANT_1_7_4","6/10/2014",161,"new","bigstoney","scio","F",36.47,17.74,43
"QUANT_1_8_1","6/10/2014",161,"new","sink","scio","F",47.44,30.66,87
"QUANT_1_9_1","6/10/2014",161,"new","sink","scio","M2",23.02,2.86,26
"QUANT_1_9_2","6/10/2014",161,"new","bigstoney","scio","F",10,0.21,0
"QUANT_1_9_3","6/10/2014",161,"new","spruce","scio","F",24.61,4.36,53
"QUANT_1_9_4","6/10/2014",161,"new","sink","scio","M2",35.78,18.8,56
"QUANT_1_9_5","6/10/2014",161,"new","sink","scio","M1",38.23,18.95,66
"QUANT_1_9_6","6/10/2014",161,"new","bigstoney","scio","F",32.33,10.82,50
"QUANT_1_9_7","6/10/2014",161,"new","poverty","scio","M2",35.4,16.6,23
"QUANT_1_9_8","6/10/2014",161,"new","sink","scio","M1",35.8,18.1,140
"QUANT_11_1_1","7/7/2014",188,"new","newriver","scio","M2",17.18,1.3,0
"QUANT_11_1_2","7/7/2014",188,"new","bigstoney","scio","F",17.42,1.35,0
"QUANT_11_10_1","7/7/2014",188,"new","bigstoney","scio","M2",15.65,0.93,0
"QUANT_11_10_2","7/7/2014",188,"new","sink","scio","F",18.21,1.45,0
"QUANT_11_2_1","7/7/2014",188,"new","sink","scio","M2",18.35,1.6,0
"QUANT_11_2_2","7/7/2014",188,"new","spruce","scio","F",31.89,10,7
"QUANT_11_2_3","7/7/2014",188,"new","lilstoney","bart","F",19.29,2.1,1
"QUANT_11_2_4","7/7/2014",188,"new","sink","scio","M2",16.49,1.1,0
"QUANT_11_2_5","7/7/2014",188,"new","sink","scio",NA,9.11,0.17,0
"QUANT_11_2_6","7/7/2014",188,"new","bigstoney","scio",NA,9.14,0.18,0
"QUANT_11_2_7","7/7/2014",188,"new","bigstoney","scio",NA,11.83,0.33,0
"QUANT_11_3_1","7/7/2014",188,"new","sink","scio",NA,18.5,1.38,0
"QUANT_11_3_2","7/7/2014",188,"new","sink","scio",NA,15.3,0.98,0
"QUANT_11_3_3","7/7/2014",188,"new","bigstoney","scio",NA,12.01,0.33,0
"QUANT_11_4_1","7/7/2014",188,"new","sink","bart",NA,13.18,0.52,0
"QUANT_11_4_2","7/7/2014",188,"new","sink","bart",NA,14.82,0.92,0
"QUANT_11_4_3","7/7/2014",188,"new","bigstoney","scio","M2",11.25,0.26,0
"QUANT_11_4_4","7/7/2014",188,"new","sink","scio","F",6.88,0.06,0
"QUANT_11_6_1","7/7/2014",188,"new","spruce","scio","M2",18.92,1.46,0
"QUANT_11_7_1","7/7/2014",188,"new","sink","scio","F",28.91,6.28,1
"QUANT_11_7_2","7/7/2014",188,"new","sink","scio","F",39.52,15.01,3
"QUANT_11_7_3","7/7/2014",188,"new","bigstoney","scio","M2",14.91,0.75,0
"QUANT_11_8_1","7/7/2014",188,"new","sink","bart","F",35.99,12.93,7
"QUANT_11_8_2","7/7/2014",188,"new","sink","scio","F",17.25,1.27,2
"QUANT_11_8_3","7/7/2014",188,"new","sink","scio","F",11.38,0.26,0
"QUANT_11_9_1","7/7/2014",188,"new","sink","scio","M2",17.89,1.74,1
"QUANT_11_9_2","7/7/2014",188,"new","sink","scio","M2",13.7,0.56,0
"QUANT_11_9_3","7/7/2014",188,"new","bigstoney","scio","F",14.41,1.18,0
"QUANT_16_1_1","7/25/2014",206,"new","lilstoney","scio","M2",17.35,0.86,5
"QUANT_16_1_2","7/25/2014",206,"new","lilstoney","scio","F",19.02,1.57,5
"QUANT_16_1_3","7/25/2014",206,"new","sink","crist","F",8.67,0.08,1
"QUANT_16_1_4","7/25/2014",206,"new","sink","crist","M2",20.56,2.01,0
"QUANT_16_1_5","7/25/2014",206,"new","sink","crist","F",18.94,1.59,0
"QUANT_16_10_1","7/25/2014",206,"new","sink","scio","F",24.73,3.5,31
"QUANT_16_10_2","7/25/2014",206,"new","newriver","scio","M2",27.65,5.82,36
"QUANT_16_10_3","7/25/2014",206,"new","newriver","scio","M2",25.51,3.89,9
"QUANT_16_10_4","7/25/2014",206,"new","lilstoney","crist","F",26.34,3.96,7
"QUANT_16_2_1","7/25/2014",206,"new","sink","crist","F",17.65,1.19,0
"QUANT_16_2_2","7/25/2014",206,"new","bigstoney","crist","F",24.36,3.13,1
"QUANT_16_2_3","7/25/2014",206,"new","bigstoney","crist","F",25.51,0.19,1
"QUANT_16_4_1","7/25/2014",206,"new","toms","scio","F",20.12,2.24,17
"QUANT_16_4_2","7/25/2014",206,"new","bigstoney","scio","M2",19.08,1.8,5
"QUANT_16_4_3","7/25/2014",206,"new","lilstoney","crist","F",11.75,0.31,7
"QUANT_16_5_1","7/25/2014",206,"new","sink","scio","F",15.1,1,6
"QUANT_16_6_1","7/25/2014",206,"new","sink","crist","F",21.83,2.17,1
"QUANT_16_6_2","7/25/2014",206,"new","spruce","scio","F",16.75,1.07,7
"QUANT_16_6_3","7/25/2014",206,"new","sink","crist","F",18,1.14,0
"QUANT_16_6_4","7/25/2014",206,"new","sink","crist","M2",28.08,3.84,2
"QUANT_16_8_1","7/25/2014",206,"new","sink","crist","F",18.04,1.13,0
"QUANT_16_8_2","7/25/2014",206,"new","bigstoney","scio","F",9.96,0.18,1
"QUANT_16_8_3","7/25/2014",206,"new","sink","scio","M2",17.5,1.36,7
"QUANT_16_8_4","7/25/2014",206,"new","spruce","scio","F",12.16,2.44,13
"QUANT_16_8_5","7/25/2014",206,"new","sink","crist","M2",21.21,2.02,2
"QUANT_16_9_1","7/25/2014",206,"new","spruce","scio","M2",21.27,2.11,7
"QUANT_16_9_2","7/25/2014",206,"new","sink","scio","M2",19.44,1.68,11
"QUANT_2_1_1","6/11/2014",162,"new","bigstoney","scio","M2",16.19,1.09,0
"QUANT_2_1_2","6/11/2014",162,"new","sink","scio","M2",14.05,0.64,36
"QUANT_2_1_3","6/11/2014",162,"new","sink","scio","F",15.44,0.83,0
"QUANT_2_1_4","6/11/2014",162,"new","sink","scio","F",16.3,1.08,1
"QUANT_2_1_5","6/11/2014",162,"new","newriver","scio","M2",23.94,3.54,9
"QUANT_2_1_6","6/11/2014",162,"new","bigstoney","scio","F",8.6,0.1,0
"QUANT_2_10_1","6/11/2014",162,"new","bigstoney","scio","M2",16.1,1.6,0
"QUANT_2_10_3","6/11/2014",162,"new","poverty","scio","M2",14.85,0.72,0
"QUANT_2_10_4","6/11/2014",162,"new","sink","scio","M2",27.38,6.1,43
"QUANT_2_2_1","6/11/2014",162,"new","sink","scio","M2",16.03,1.12,1
"QUANT_2_2_2","6/11/2014",162,"new","sink","scio","M2",32.43,11.21,53
"QUANT_2_3_1","6/11/2014",162,"new","sink","scio","M2",14.69,0.97,3
"QUANT_2_3_2","6/11/2014",162,"new","sink","scio","F",13.83,0.6,0
"QUANT_2_3_3","6/11/2014",162,"new","sink","scio","F",16.51,1.12,3
"QUANT_2_3_4","6/11/2014",162,"new","spruce","scio","M2",17.14,1.14,1
"QUANT_2_3_5","6/11/2014",162,"new","lilstoney","scio","F",23.81,3.93,12
"QUANT_2_3_6","6/11/2014",162,"new","sink","scio","F",25.35,3.87,6
"QUANT_2_4_1","6/11/2014",162,"new","lilstoney","scio","F",33.24,10.51,68
"QUANT_2_4_2","6/11/2014",162,"new","sink","scio","F",32.86,10.69,25
"QUANT_2_4_3","6/11/2014",162,"new","sink","scio","M2",36.55,12.39,97
"QUANT_2_5_1","6/11/2014",162,"new","bigstoney","scio","F",23.27,3.41,25
"QUANT_2_5_2","6/11/2014",162,"new","sink","crist","M2",23.88,2.71,7
"QUANT_2_5_3","6/11/2014",162,"new","lilstoney","scio","F",42.89,21.23,38
"QUANT_2_5_4","6/11/2014",162,"new","sink","scio","M2",36.51,12.82,88
"QUANT_2_5_5","6/11/2014",162,"new","bigstoney","scio","M2",16.25,1.29,5
"QUANT_2_6_1","6/11/2014",162,"new","bigstoney","O_sp","M2",13.57,0.69,0
"QUANT_2_6_2","6/11/2014",162,"new","spruce","scio","M2",15.37,0.87,3
"QUANT_2_6_3","6/11/2014",162,"new","spruce","scio","F",8.1,0.1,0
"QUANT_2_6_4","6/11/2014",162,"new","spruce","scio","F",32.15,9.36,0
"QUANT_2_6_5","6/11/2014",162,"new","bigstoney","O_sp","F",19.92,1.38,1
"QUANT_2_7_1","6/11/2014",162,"new","sink","scio","M2",31.7,9.04,33
"QUANT_2_8_1","6/11/2014",162,"new","bigstoney","scio","M2",34.36,9.89,35
"QUANT_2_8_2","6/11/2014",162,"new","sink","scio","F",30.54,8.8,36
"QUANT_2_9_1","6/11/2014",162,"new","sink","scio","M2",15.89,1.12,2
"QUANT_2_9_2","6/11/2014",162,"new","bigstoney","scio","M2",24.19,4.79,16
"QUANT_2_9_3","6/11/2014",162,"new","bigstoney","scio","M2",27.36,5.4,30
"QUANT_2_9_4","6/11/2014",162,"new","lilstoney","scio","M2",25.09,4.75,12
"QUANT_9_4_1","6/17/2014",168,"new","spruce","bart","F",38.5,17.06,40
"QUANT_9_4_2","6/17/2014",168,"new","bigstoney","bart","M2",23.52,5.31,33
"QUANT_9_5_1","6/17/2014",168,"new","lilstoney","bart","F",22.79,3.45,5
"QUANT_9_5_2","6/17/2014",168,"new","poverty","bart","M2",28.57,8.64,0
"QUANT_9_5_3","6/17/2014",168,"new","sink","bart","F",6.27,0.06,28
"QUANT_9_8_1","6/17/2014",168,"new","spruce","bart","M2",32.92,10.3,32
"QUANT_9_8_2","6/17/2014",168,"new","bigstoney","bart","M2",32.36,9.89,74
"QUANT_9_9_1","6/17/2014",168,"new","spruce","bart","F",20.03,2.21,14
"SURV_1","10/7/2011",280,"new","sink","scio","M1",36.15,16.31,74
"SURV_10","10/7/2011",280,"new","sink","scio","F",27.74,6.47,1
"SURV_100","2/27/2012",58,"new","sink","scio","F",40.21,22.76,15
"SURV_101","2/27/2012",58,"new","sink","scio","F",29.35,9.54,60
"SURV_102","2/27/2012",58,"new","sink","scio","F",35.68,17.25,60
"SURV_103","2/27/2012",58,"new","bigstoney","scio","F",23.45,4.25,16
"SURV_104","2/27/2012",58,"new","bigstoney","scio","F",26.03,5.96,35
"SURV_105","2/27/2012",58,"new","toms","scio","F",24.74,5.37,26
"SURV_106","2/27/2012",58,"new","sink","scio","M1",49.32,50.02,30
"SURV_107","2/27/2012",58,"new","bigstoney","scio","M2",30.57,10.35,75
"SURV_108","2/27/2012",58,"new","sink","scio","F",28.79,9.34,16
"SURV_109","2/27/2012",58,"new","sink","scio","F",34.15,14.51,119
"SURV_11","10/7/2011",280,"new","sink","scio","F",31.97,10.43,8
"SURV_110","2/27/2012",58,"new","sink","scio","F",35.36,16.94,31
"SURV_111","2/27/2012",58,"new","sink","scio","M2",19.77,2.44,9
"SURV_112","2/27/2012",58,"new","bigstoney","scio","M1",37.69,22.59,75
"SURV_113","2/27/2012",58,"new","bigstoney","scio","F",22.61,4.01,19
"SURV_114","2/27/2012",58,"new","sink","scio","M1",47.08,46,62
"SURV_115","2/27/2012",58,"new","sink","scio","M1",40.46,27.54,50
"SURV_116","2/27/2012",58,"new","sink","scio","F",36.82,19.41,61
"SURV_117","2/27/2012",58,"new","sink","scio","F",42.64,27.85,45
"SURV_118","2/27/2012",58,"new","sink","scio","F",34.46,14.97,108
"SURV_119","2/27/2012",58,"new","sink","scio","M1",34.98,18.92,53
"SURV_12","10/7/2011",280,"new","sink","scio","M2",34.4,12.36,5
"SURV_120","2/27/2012",58,"new","lilstoney","scio","M1",38.02,24.67,69
"SURV_121","2/27/2012",58,"new","bigstoney","scio","M2",45.42,33.15,58
"SURV_122","2/27/2012",58,"new","bigstoney","bart","F",34.4,16.38,97
"SURV_123","2/27/2012",58,"new","sink","scio","M1",33.66,15.1,68
"SURV_124","2/27/2012",58,"new","bigstoney","scio","M2",23.47,4.31,13
"SURV_125","2/27/2012",58,"new","bigstoney","scio","F",42.95,28.22,80
"SURV_126","2/27/2012",58,"new","sink","scio","M1",35.35,19.31,109
"SURV_127","2/27/2012",58,"new","bigstoney","scio","F",22.28,3.67,2
"SURV_128","2/27/2012",58,"new","sink","scio","F",21.05,3.24,6
"SURV_129","2/27/2012",58,"new","bigstoney","scio","F",20.98,3.33,15
"SURV_13","10/7/2011",280,"new","bigstoney","scio","M2",30.06,8.1,9
"SURV_130","2/27/2012",58,"new","lilstoney","scio","M1",34.07,17.66,68
"SURV_131","2/27/2012",58,"new","bigstoney","scio","M2",24.95,5.55,33
"SURV_132","2/27/2012",58,"new","sink","scio","M2",42.67,27.43,44
"SURV_133","2/27/2012",58,"new","bigstoney","scio","F",33.7,13.59,7
"SURV_134","2/27/2012",58,"new","sink","scio","M1",37.24,19.23,52
"SURV_135","2/27/2012",58,"new","sink","scio","M2",20.07,2.39,6
"SURV_136","2/27/2012",58,"new","bigstoney","scio","M1",31.5,12.17,31
"SURV_137","2/27/2012",58,"new","sink","scio","M2",29.57,10.31,76
"SURV_138","2/27/2012",58,"new","bigstoney","scio","M2",17.9,1.6,9
"SURV_139","2/27/2012",58,"new","bigstoney","scio","F",29.49,9.5,34
"SURV_14","10/7/2011",280,"new","bigstoney","scio","M1",33.37,13.01,23
"SURV_140","2/27/2012",58,"new","sink","scio","F",21.03,3.38,18
"SURV_141","2/27/2012",58,"new","sink","scio","M2",41.9,29.8,73
"SURV_142","2/27/2012",58,"new","spruce","scio","F",32.52,12.64,54
"SURV_143","2/27/2012",58,"new","lilstoney","scio","F",18.42,1.98,7
"SURV_144","3/17/2012",77,"new","sink","scio","F",19.37,2.13,1
"SURV_145","3/17/2012",77,"new","poverty","scio","F",40.05,20.89,7
"SURV_146","3/17/2012",77,"new","sink","scio","F",20.33,2.87,4
"SURV_147","3/17/2012",77,"new","bigstoney","scio","F",41.43,16.67,25
"SURV_148","3/17/2012",77,"new","spruce","scio","F",44.58,21.41,37
"SURV_149","3/17/2012",77,"new","bigstoney","scio","M2",44.17,30.67,12
"SURV_15","10/7/2011",280,"new","sink","scio","M1",35.16,12.64,8
"SURV_150","3/17/2012",77,"new","lilstoney","scio","M2",17.11,1.43,0
"SURV_151","3/17/2012",77,"new","bigstoney","bart","M1",47,36.36,29
"SURV_152","3/17/2012",77,"new","spruce","scio","F",39.32,19.05,9
"SURV_153","3/17/2012",77,"new","bigstoney","scio","F",18.33,2.14,1
"SURV_154","3/17/2012",77,"new","poverty","scio","F",36.31,17.69,44
"SURV_155","3/17/2012",77,"new","bigstoney","bart","M1",35.82,17.02,17
"SURV_156","3/17/2012",77,"new","bigstoney","scio","F",46.01,35.81,18
"SURV_157","3/17/2012",77,"new","sink","scio","F",37.58,16.51,6
"SURV_158","3/17/2012",77,"new","bigstoney","scio","F",37.36,19.4,17
"SURV_159","3/17/2012",77,"new","sink","scio","F",43.36,27.37,93
"SURV_160","3/17/2012",77,"new","sink","scio","F",44.76,27.41,1
"SURV_161","3/17/2012",77,"new","bigstoney","scio","F",35.57,15.8,18
"SURV_162","3/17/2012",77,"new","spruce","scio","F",24.66,4.83,7
"SURV_163","3/17/2012",77,"new","lilstoney","bart","F",36.71,17.81,8
"SURV_164","3/17/2012",77,"new","bigstoney","scio","M1",42.71,29.76,168
"SURV_165","3/17/2012",77,"new","sink","scio","F",48.32,36.82,18
"SURV_166","3/17/2012",77,"new","sink","scio","M2",18.44,1.83,1
"SURV_167","3/17/2012",77,"new","lilstoney","scio","M2",19.84,2.44,3
"SURV_168","3/17/2012",77,"new","sink","scio","M1",46.03,23.13,187
"SURV_169","3/17/2012",77,"new","bigstoney","scio","F",56.64,60.74,82
"SURV_17","10/14/2011",287,"new","bigstoney","scio","M1",35.32,13.41,1
"SURV_170","3/17/2012",77,"new","lilstoney","scio","F",52.52,52.83,71
"SURV_171","3/17/2012",77,"new","bigstoney","scio","F",36.89,17.5,58
"SURV_172","3/17/2012",77,"new","sink","scio","M1",48.5,33.04,12
"SURV_173","3/17/2012",77,"new","sink","scio","F",47.15,38.24,8
"SURV_174","3/17/2012",77,"new","sink","scio","M2",27.52,6.33,22
"SURV_175","3/17/2012",77,"new","sink","scio","M1",44.81,38.12,119
"SURV_176","3/17/2012",77,"new","poverty","scio","F",38.43,19.89,160
"SURV_177","3/17/2012",77,"new","sink","scio","F",42.3,24.11,16
"SURV_178","3/17/2012",77,"new","bigstoney","scio","M2",44.63,36.28,107
"SURV_179","3/17/2012",77,"new","sink","scio","F",41.32,25.25,137
"SURV_18","10/14/2011",287,"new","sink","scio","F",44.27,30.72,1
"SURV_180","3/17/2012",77,"new","bigstoney","scio","M1",49.2,53.05,179
"SURV_181","3/17/2012",77,"new","spruce","scio","F",39.12,21.32,113
"SURV_182","3/17/2012",77,"new","lilstoney","scio","M2",28.88,7.82,49
"SURV_183","3/17/2012",77,"new","toms","scio","F",42.37,21.21,213
"SURV_184","3/17/2012",77,"new","toms","scio","M2",43.32,30.69,93
"SURV_185","3/17/2012",77,"new","bigstoney","scio","M1",43.08,31.69,129
"SURV_186","3/17/2012",77,"new","sink","scio","F",33.89,13.23,131
"SURV_187","3/17/2012",77,"new","bigstoney","scio","M1",48.91,46.16,159
"SURV_188","3/17/2012",77,"new","toms","scio","F",44.02,27.3,9
"SURV_189","3/17/2012",77,"new","sink","scio","M1",36.23,17.85,134
"SURV_19","10/14/2011",287,"new","lilstoney","scio","M2",35.78,12.71,5
"SURV_190","3/20/2012",80,"new","lilstoney","bart","M2",33.92,12.7,29
"SURV_191","3/20/2012",80,"new","spruce","bart","M2",27.77,6.29,18
"SURV_192","3/20/2012",80,"new","sink","bart","M2",33.32,12.21,51
"SURV_193","3/20/2012",80,"new","lilstoney","bart","F",28.53,7.19,27
"SURV_194","3/20/2012",80,"new","poverty","bart","F",28.11,6.51,22
"SURV_195","3/20/2012",80,"new","bigstoney","bart","F",18.46,1.61,1
"SURV_196","3/20/2012",80,"new","sink","bart","M1",33.88,11.34,23
"SURV_197","3/20/2012",80,"new","lilstoney","bart","F",24.6,4.37,14
"SURV_198","3/20/2012",80,"new","poverty","bart","F",21.49,2.84,12
"SURV_199","3/20/2012",80,"new","sink","bart","F",30.46,9.06,36
"SURV_2","10/7/2011",280,"new","spruce","scio","M2",33.47,12.5,33
"SURV_20","10/14/2011",287,"new","sink","scio","M2",42.19,26.05,6
"SURV_200","3/20/2012",80,"new","poverty","bart","F",26.47,5.4,16
"SURV_201","3/20/2012",80,"new","sink","bart","M2",35.47,14.14,26
"SURV_202","3/20/2012",80,"new","sink","bart","F",21.39,2.88,10
"SURV_203","3/20/2012",80,"new","sink","bart","M1",28.32,6.54,17
"SURV_204","3/20/2012",80,"new","sink","bart","M2",19.92,2.1,4
"SURV_205","3/20/2012",80,"new","toms","bart","F",33.01,12.02,36
"SURV_206","3/20/2012",80,"new","sink","bart","F",21.01,2.91,1
"SURV_207","3/20/2012",80,"new","bigstoney","bart","M1",32.01,10.74,37
"SURV_208","3/20/2012",80,"new","sink","bart","M2",21.88,3.08,16
"SURV_209","3/20/2012",80,"new","spruce","bart","F",17.14,1.29,0
"SURV_21","10/14/2011",287,"new","sink","scio","M1",38.55,20.78,9
"SURV_210","3/20/2012",80,"new","poverty","bart","F",38.18,16.07,43
"SURV_211","3/20/2012",80,"new","bigstoney","bart","F",31.91,10.49,14
"SURV_212","3/20/2012",80,"new","bigstoney","bart","F",31.72,10.36,45
"SURV_213","3/20/2012",80,"new","sink","bart","F",32.25,10.64,40
"SURV_214","3/20/2012",80,"new","toms","bart","M2",25.01,4.79,18
"SURV_215","3/20/2012",80,"new","bigstoney","bart","F",25.25,5.04,14
"SURV_216","3/20/2012",80,"new","sink","bart","M2",24.06,3.82,20
"SURV_217","3/20/2012",80,"new","lilstoney","bart","F",35.13,13.62,32
"SURV_218","3/20/2012",80,"new","poverty","bart","M2",27.87,6.78,10
"SURV_219","3/20/2012",80,"new","sink","bart","M2",34.16,13.4,59
"SURV_22","10/14/2011",287,"new","bigstoney","scio","M1",41.52,26.38,1
"SURV_220","4/14/2012",105,"new","sink","scio","F",37.35,17.2,2
"SURV_221","4/14/2012",105,"new","spruce","scio","F",38.5,20.68,1
"SURV_222","4/14/2012",105,"new","sink","scio","F",39.69,20.05,10
"SURV_223","4/14/2012",105,"new","newriver","scio","M1",39.07,21.19,5
"SURV_224","4/14/2012",105,"new","lilstoney","scio","F",37.06,17.2,3
"SURV_225","4/14/2012",105,"new","bigstoney","scio","F",37.25,15.12,37
"SURV_226","4/14/2012",105,"new","sink","scio","F",38.03,16.09,34
"SURV_227","4/14/2012",105,"new","sink","scio","M2",39.55,18.42,50
"SURV_228","4/14/2012",105,"new","sink","scio","F",23.65,4.11,19
"SURV_229","4/14/2012",105,"new","bigstoney","scio","F",35.42,12.2,30
"SURV_23","10/14/2011",287,"new","sink","scio","M2",35.43,14.66,1
"SURV_230","4/14/2012",105,"new","bigstoney","scio","F",37.8,15.16,17
"SURV_231","4/14/2012",105,"new","sink","scio","F",30.44,8.31,26
"SURV_232","4/14/2012",105,"new","poverty","scio","F",40.58,21.26,19
"SURV_233","4/14/2012",105,"new","bigstoney","scio","M2",38.49,18.21,38
"SURV_234","4/14/2012",105,"new","lilstoney","scio","F",34.39,11.79,66
"SURV_235","4/14/2012",105,"new","sink","crist","M2",21.38,2.52,0
"SURV_236","4/14/2012",105,"new","sink","scio","F",29.63,7.64,17
"SURV_237","4/14/2012",105,"new","sink","crist","M2",29.91,6.7,32
"SURV_239","4/14/2012",105,"new","bigstoney","scio","M2",30.33,8.45,70
"SURV_24","10/14/2011",287,"new","bigstoney","scio","M1",33.28,11.5,1
"SURV_240","4/14/2012",105,"new","toms","scio","F",30.32,8.84,0
"SURV_241","4/14/2012",105,"new","sink","crist","M2",34.38,11,56
"SURV_242","4/14/2012",105,"new","sink","scio","M2",37.22,17.39,31
"SURV_243","4/14/2012",105,"new","sink","scio","F",41.12,20.09,7
"SURV_244","4/14/2012",105,"new","sink","crist","M2",33.84,11.27,22
"SURV_245","4/14/2012",105,"new","sink","crist","M2",28.85,7.85,36
"SURV_246","4/14/2012",105,"new","sink","crist","M2",34.76,14.23,39
"SURV_247","5/12/2012",133,"new","lilstoney","bart","M2",30.65,8.84,18
"SURV_248","5/12/2012",133,"new","poverty","bart","M2",26.55,5.26,12
"SURV_249","5/12/2012",133,"new","bigstoney","bart","F",22.85,4.23,5
"SURV_25","10/14/2011",287,"new","bigstoney","scio","M2",28.53,7.08,0
"SURV_250","5/12/2012",133,"new","sink","bart","M2",27.69,6.32,1
"SURV_251","5/12/2012",133,"new","sink","bart","F",40.99,20.68,26
"SURV_252","5/12/2012",133,"new","sink","bart","M2",32.19,10.64,4
"SURV_253","5/12/2012",133,"new","sink","bart","M1",38.98,19.92,27
"SURV_256","5/31/2012",152,"new","lilstoney","scio","M1",34.15,13.72,92
"SURV_257","5/31/2012",152,"new","bigstoney","scio","M1",33.48,12.19,83
"SURV_258","5/31/2012",152,"new","sink","scio","M1",38.47,17.76,49
"SURV_259","5/31/2012",152,"new","newriver","scio","M2",25.6,4.4,18
"SURV_26","10/14/2011",287,"new","bigstoney","scio","M1",37.9,19.37,2
"SURV_260","5/31/2012",152,"new","sink","scio","F",13.84,0.72,1
"SURV_261","5/31/2012",152,"new","sink","scio","M2",34.04,12.99,86
"SURV_262","5/31/2012",152,"new","bigstoney","scio","F",34.1,12.56,79
"SURV_263","5/31/2012",152,"new","sink","scio","F",20.5,2.02,8
"SURV_264","5/31/2012",152,"new","toms","scio","M2",26.38,5.8,26
"SURV_265","5/31/2012",152,"new","lilstoney","scio","F",16.34,0.91,3
"SURV_266","5/31/2012",152,"new","lilstoney","scio","F",35.85,13.96,96
"SURV_267","5/31/2012",152,"new","lilstoney","scio","F",18.15,1.16,4
"SURV_268","5/31/2012",152,"new","bigstoney","scio","F",37.04,15.37,35
"SURV_269","5/31/2012",152,"new","bigstoney","scio","F",34.3,12.05,24
"SURV_27","10/14/2011",287,"new","sink","scio","F",47.26,32.41,57
"SURV_270","5/31/2012",152,"new","poverty","scio","M2",27.65,5.52,11
"SURV_271","5/31/2012",152,"new","bigstoney","scio","F",28.86,6.16,24
"SURV_272","5/31/2012",152,"new","bigstoney","scio","F",34.2,13.7,28
"SURV_273","5/31/2012",152,"new","sink","scio","M2",23.73,3.89,11
"SURV_274","5/31/2012",152,"new","bigstoney","scio","M2",22.43,3.34,19
"SURV_275","5/31/2012",152,"new","lilstoney","scio","M1",34.21,18.79,56
"SURV_276","5/31/2012",152,"new","sink","scio","F",34.03,14.11,48
"SURV_277","5/31/2012",152,"new","sink","scio","M2",30.65,9.44,42
"SURV_278","5/31/2012",152,"new","bigstoney","scio","F",18.96,2.25,5
"SURV_279","5/31/2012",152,"new","toms","scio","M2",19.07,2.05,3
"SURV_28","10/14/2011",287,"new","bigstoney","scio","F",45.24,23,35
"SURV_280","5/31/2012",152,"new","sink","scio","M2",28.22,7.26,24
"SURV_281","5/31/2012",152,"new","toms","scio","M2",29.55,8.81,33
"SURV_282","5/31/2012",152,"new","spruce","scio","F",16.23,1.81,1
"SURV_283","5/31/2012",152,"new","sink","scio","M2",31.94,10.7,18
"SURV_284","5/31/2012",152,"new","bigstoney","scio","M2",32.33,10.4,23
"SURV_285","5/31/2012",152,"new","bigstoney","scio","F",17.55,2.07,20
"SURV_286","5/31/2012",152,"new","bigstoney","scio","F",36.9,13.21,6
"SURV_287","5/31/2012",152,"new","bigstoney","scio","F",26.27,5.88,26
"SURV_288","5/31/2012",152,"new","bigstoney","scio","F",25.43,6.39,12
"SURV_289","5/31/2012",152,"new","sink","scio","M1",38.54,18.62,23
"SURV_29","10/14/2011",287,"new","sink","scio","F",39.47,17.07,9
"SURV_290","5/31/2012",152,"new","sink","scio","F",21.92,3.09,5
"SURV_291","5/31/2012",152,"new","lilstoney","scio","M2",19.12,2.03,2
"SURV_292","5/31/2012",152,"new","spruce","bart","F",42.3,29.29,27
"SURV_293","5/31/2012",152,"new","sink","scio","F",19.35,2.06,5
"SURV_294","5/31/2012",152,"new","bigstoney","scio","M2",30.81,9.74,16
"SURV_295","5/31/2012",152,"new","sink","scio","F",34.41,14.72,23
"SURV_296","5/31/2012",152,"new","lilstoney","scio","M2",26.71,8.79,22
"SURV_297","5/31/2012",152,"new","poverty","scio","M2",50.97,46.45,17
"SURV_298","5/31/2012",152,"new","sink","scio","M1",36.92,18.54,28
"SURV_299","6/22/2012",174,"new","sink","scio","M1",40.08,18.86,14
"SURV_3","10/7/2011",280,"new","sink","scio","F",50.57,36.99,133
"SURV_30","10/14/2011",287,"new","sink","scio","F",40.6,17.57,21
"SURV_300","6/22/2012",174,"new","sink","scio","M2",34.81,13.45,25
"SURV_301","6/22/2012",174,"new","spruce","scio","M1",29.7,8.14,1
"SURV_302","6/22/2012",174,"new","poverty","crist","F",29.55,6.64,2
"SURV_303","6/22/2012",174,"new","sink","crist","F",33.02,8.42,1
"SURV_304","6/22/2012",174,"new","sink","scio","M2",36.49,18.58,18
"SURV_305","6/22/2012",174,"new","sink","scio","M1",44.4,36.2,26
"SURV_306","6/22/2012",174,"new","bigstoney","scio","F",35.22,15.57,11
"SURV_307","6/22/2012",174,"new","newriver","crist","M2",30.42,8.09,5
"SURV_308","6/22/2012",174,"new","bigstoney","crist","F",23.98,2.94,2
"SURV_309","6/22/2012",174,"new","lilstoney","crist","M2",27.48,4.88,1
"SURV_31","10/14/2011",287,"new","sink","bart","M1",32.68,12.94,38
"SURV_310","6/22/2012",174,"new","bigstoney","scio","M2",30.13,9.01,14
"SURV_311","6/22/2012",174,"new","spruce","scio","M1",40.36,26.54,17
"SURV_312","6/22/2012",174,"new","bigstoney","scio","M2",38.01,21.27,12
"SURV_313","6/22/2012",174,"new","sink","crist","F",33.4,8.95,4
"SURV_314","6/22/2012",174,"new","lilstoney","scio","M2",37.36,17.22,25
"SURV_315","6/22/2012",174,"new","sink","crist","M2",35.65,11.05,5
"SURV_316","6/22/2012",174,"new","sink","crist","M2",30.22,7.24,0
"SURV_317","6/22/2012",174,"new","newriver","scio","M2",34.27,11.65,18
"SURV_318","6/22/2012",174,"new","bigstoney","scio","F",34.85,14.24,33
"SURV_319","6/22/2012",174,"new","toms","scio","F",31.17,9.57,9
"SURV_32","10/14/2011",287,"new","sink","bart","M2",26.22,5.56,4
"SURV_320","6/22/2012",174,"new","lilstoney","scio","M2",38.5,20.41,31
"SURV_321","6/22/2012",174,"new","newriver","crist","M2",31.2,7.12,7
"SURV_322","6/22/2012",174,"new","sink","scio","M2",26.92,6.27,6
"SURV_323","6/22/2012",174,"new","sink","scio","F",24.9,4.11,2
"SURV_324","6/22/2012",174,"new","bigstoney","scio","F",32.54,11.7,15
"SURV_325","6/22/2012",174,"new","bigstoney","scio","M2",28.93,8.54,1
"SURV_326","6/22/2012",174,"new","bigstoney","crist","F",23.9,3.15,0
"SURV_327","6/22/2012",174,"new","bigstoney","scio","M2",32.48,12.63,1
"SURV_328","6/22/2012",174,"new","toms","scio","M2",23.88,4.31,1
"SURV_33","10/14/2011",287,"new","sink","scio","F",29.84,6.95,11
"SURV_34","10/14/2011",287,"new","sink","scio","F",34.15,11.69,5
"SURV_348","6/22/2012",174,"new","sink","crist","M2",27.17,4.63,0
"SURV_35","10/14/2011",287,"new","bigstoney","bart","M2",23.32,3.65,0
"SURV_36","10/14/2011",287,"new","bigstoney","scio","F",43.14,25.37,20
"SURV_37","10/14/2011",287,"new","sink","scio","F",33.41,10.83,1
"SURV_38","10/14/2011",287,"new","lilstoney","bart","F",34.54,14.15,12
"SURV_39","10/14/2011",287,"new","bigstoney","scio","F",22.9,3.82,4
"SURV_396","9/15/2012",259,"new","sink","scio","F",46.81,30.16,59
"SURV_397","9/15/2012",259,"new","bigstoney","scio","M2",41.05,22.39,71
"SURV_398","9/15/2012",259,"new","spruce","scio","M2",40.19,21.49,31
"SURV_399","9/15/2012",259,"new","sink","scio","F",42.3,21.62,14
"SURV_4","10/7/2011",280,"new","lilstoney","scio","M1",47.32,29.54,64
"SURV_40","10/14/2011",287,"new","sink","bart","F",26.86,5.46,3
"SURV_400","9/15/2012",259,"new","bigstoney","scio","F",43.65,29.1,23
"SURV_401","9/15/2012",259,"new","spruce","scio","F",50.38,36.06,70
"SURV_402","9/15/2012",259,"new","lilstoney","scio","M2",41.72,23.78,43
"SURV_403","9/15/2012",259,"new","sink","scio","M2",27.22,5.73,23
"SURV_404","9/15/2012",259,"new","toms","scio","M2",42.41,25.89,20
"SURV_405","9/15/2012",259,"new","sink","scio","F",43,23.2,42
"SURV_406","9/15/2012",259,"new","spruce","scio","M2",44.23,25.09,14
"SURV_407","9/15/2012",259,"new","spruce","scio","F",39.49,19.97,48
"SURV_408","9/15/2012",259,"new","toms","scio","F",40.08,22.74,77
"SURV_409","9/15/2012",259,"new","sink","scio","M2",38.72,20.63,136
"SURV_41","10/14/2011",287,"new","sink","bart","F",28.09,7.51,3
"SURV_410","9/15/2012",259,"new","sink","scio","F",37.07,16.86,33
"SURV_411","9/15/2012",259,"new","spruce","scio","M2",42.43,21.43,63
"SURV_412","9/15/2012",259,"new","lilstoney","scio","M2",40.82,21.55,94
"SURV_413","9/15/2012",259,"new","sink","scio","F",38.5,19.04,51
"SURV_414","9/15/2012",259,"new","poverty","scio","F",41.07,25.43,82
"SURV_415","9/15/2012",259,"new","bigstoney","scio","M2",37.55,14.04,14
"SURV_416","9/15/2012",259,"new","bigstoney","scio","M2",52.67,47.32,91
"SURV_417","9/15/2012",259,"new","toms","scio","M2",41.17,24.21,58
"SURV_418","9/15/2012",259,"new","sink","scio","M2",41.5,23.37,106
"SURV_419","9/15/2012",259,"new","spruce","scio","F",35.16,14.79,45
"SURV_42","10/14/2011",287,"new","sink","scio","F",28.79,9.25,1
"SURV_420","9/20/2012",264,"new","sink","bart","M2",35.73,12.03,31
"SURV_421","9/20/2012",264,"new","spruce","bart","M2",32.81,10.17,30
"SURV_422","9/20/2012",264,"new","sink","bart","F",33.38,10.62,40
"SURV_423","9/20/2012",264,"new","bigstoney","bart","M2",24.5,6.32,26
"SURV_424","9/20/2012",264,"new","sink","bart","M2",32.46,10.08,60
"SURV_425","9/20/2012",264,"new","sink","bart","F",30.49,8.07,33
"SURV_426","9/20/2012",264,"new","newriver","bart","M2",27.96,6.49,6
"SURV_427","9/20/2012",264,"new","sink","bart","M2",32.31,9.77,21
"SURV_428","9/30/2012",274,"new","bigstoney","bart","F",26.54,5.42,11
"SURV_429","9/30/2012",274,"new","poverty","bart","F",29.04,6.41,28
"SURV_43","10/14/2011",287,"new","sink","bart","F",25.65,4.85,1
"SURV_430","9/30/2012",274,"new","sink","bart","M2",25.68,5.3,4
"SURV_431","10/6/2012",280,"new","sink","bart","F",29.62,9.28,2
"SURV_432","10/6/2012",280,"new","sink","bart","M2",30.9,8.19,1
"SURV_433","10/6/2012",280,"new","sink","bart","M2",31.16,10.82,3
"SURV_434","10/6/2012",280,"new","bigstoney","bart","F",26.01,5.21,0
"SURV_436","10/6/2012",280,"new","sink","bart","F",32.96,11.74,0
"SURV_44","10/14/2011",287,"new","spruce","bart","M2",17.83,1.63,1
"SURV_45","10/14/2011",287,"new","bigstoney","bart","F",26.53,5.82,17
"SURV_451","2/12/2013",43,"new","poverty","scio","F",34.17,13.26,58
"SURV_452","2/12/2013",43,"new","spruce","scio","F",35.32,13.21,65
"SURV_453","2/12/2013",43,"new","lilstoney","scio","F",30.33,7.35,43
"SURV_454","2/12/2013",43,"new","sink","scio","M2",39.08,19.08,54
"SURV_455","2/12/2013",43,"new","lilstoney","scio","F",33.97,13.09,57
"SURV_456","2/12/2013",43,"new","bigstoney","scio","M2",50.83,51.32,109
"SURV_457","2/12/2013",43,"new","bigstoney","scio","M2",40.25,22.89,35
"SURV_458","2/12/2013",43,"new","sink","scio","F",36.42,14.17,65
"SURV_459","2/12/2013",43,"new","sink","scio","M2",40.19,25.75,65
"SURV_46","10/14/2011",287,"new","spruce","scio","F",19.23,2.38,2
"SURV_460","2/12/2013",43,"new","poverty","scio","M2",49.65,47.11,104
"SURV_461","2/12/2013",43,"new","bigstoney","scio","M2",32.34,9.78,63
"SURV_462","2/12/2013",43,"new","poverty","scio","M2",46.38,35.41,46
"SURV_463","2/12/2013",43,"new","bigstoney","scio","M2",40.9,24.84,128
"SURV_464","2/12/2013",43,"new","sink","scio","M2",32.47,9.995,59
"SURV_465","2/12/2013",43,"new","bigstoney","scio","F",36.45,15.76,52
"SURV_466","2/12/2013",43,"new","lilstoney","scio","F",37.6,16.2,71
"SURV_467","2/12/2013",43,"new","sink","scio","M2",37.07,11.69,14
"SURV_468","2/12/2013",43,"new","bigstoney","scio","F",32.79,9.79,39
"SURV_469","2/12/2013",43,"new","sink","scio","M2",44.07,23.07,55
"SURV_47","1/31/2012",31,"new","sink","scio","M2",48.59,40.86,141
"SURV_470","2/12/2013",43,"new","spruce","scio","M2",40.17,21.04,70
"SURV_471","2/12/2013",43,"new","poverty","scio","F",34.7,8.68,23
"SURV_472","2/12/2013",43,"new","spruce","crist","M2",15.56,1.03,3
"SURV_473","2/12/2013",43,"new","sink","scio","M2",44.82,28.48,94
"SURV_474","2/12/2013",43,"new","lilstoney","scio","F",24.67,3.56,10
"SURV_475","2/12/2013",43,"new","toms","scio","F",29.18,7.17,21
"SURV_48","1/31/2012",31,"new","lilstoney","scio","M2",45.64,36.25,142
"SURV_49","1/31/2012",31,"new","lilstoney","scio","M1",42.6,28.21,80
"SURV_5","10/7/2011",280,"new","sink","scio","M1",43.14,27.86,47
"SURV_50","1/31/2012",31,"new","bigstoney","scio","M1",48.56,44.9,122
"SURV_51","1/31/2012",31,"new","sink","scio","F",39.51,21.04,95
"SURV_52","1/31/2012",31,"new","sink","scio","F",35.24,15.5,18
"SURV_53","1/31/2012",31,"new","toms","scio","F",30.49,9.26,50
"SURV_54","2/1/2012",32,"new","bigstoney","scio","M2",22.88,3.03,2
"SURV_55","2/1/2012",32,"new","sink","scio","F",20.9,2.33,1
"SURV_56","2/1/2012",32,"new","lilstoney","bart","M2",23.59,3.6,6
"SURV_57","2/1/2012",32,"new","sink","virilis","F",32.15,7.64,3
"SURV_58","2/1/2012",32,"new","sink","virilis","M1",34.36,13.33,8
"SURV_59","2/1/2012",32,"new","sink","bart","M2",36.31,13.45,7
"SURV_6","10/7/2011",280,"new","bigstoney","scio","F",35.58,15.37,66
"SURV_60","2/1/2012",32,"new","sink","scio","M2",23.78,3.26,0
"SURV_61","2/1/2012",32,"new","poverty","scio","M2",24.08,3.6,6
"SURV_62","2/1/2012",32,"new","sink","scio","F",21.57,2.99,2
"SURV_63","2/17/2012",48,"new","bigstoney","scio","M2",44.44,36.11,54
"SURV_64","2/17/2012",48,"new","bigstoney","scio","M2",41.97,27.31,64
"SURV_65","2/17/2012",48,"new","sink","scio","F",38.46,21.2,42
"SURV_66","2/17/2012",48,"new","toms","scio","M1",39.73,26.86,84
"SURV_67","2/17/2012",48,"new","bigstoney","scio","M1",36.45,18.12,31
"SURV_68","2/17/2012",48,"new","bigstoney","scio","F",31.59,11.45,53
"SURV_69","2/17/2012",48,"new","sink","scio","M1",36.89,22.23,38
"SURV_7","10/7/2011",280,"new","sink","scio","F",35,15.08,15
"SURV_70","2/17/2012",48,"new","sink","scio","F",33.94,12.62,18
"SURV_71","2/27/2012",58,"new","sink","scio","M2",31.19,10.45,28
"SURV_72","2/27/2012",58,"new","sink","scio","F",39.68,23.69,65
"SURV_73","2/27/2012",58,"new","spruce","scio","M1",32.89,13.75,23
"SURV_74","2/27/2012",58,"new","sink","scio","F",32.86,14.2,70
"SURV_75","2/27/2012",58,"new","spruce","scio","M1",38.64,25.27,48
"SURV_76","2/27/2012",58,"new","spruce","scio","F",30.39,9.95,30
"SURV_77","2/27/2012",58,"new","sink","scio","F",38.91,18.62,13
"SURV_78","2/27/2012",58,"new","toms","scio","F",19.67,2.52,6
"SURV_79","2/27/2012",58,"new","bigstoney","scio","M2",23.61,4.15,12
"SURV_8","10/7/2011",280,"new","sink","scio","M2",40.16,22.5,10
"SURV_80","2/27/2012",58,"new","sink","scio","F",18.92,2.32,3
"SURV_81","2/27/2012",58,"new","poverty","scio","F",34.94,16.43,9
"SURV_82","2/27/2012",58,"new","sink","scio","F",31.66,13.04,93
"SURV_83","2/27/2012",58,"new","bigstoney","scio","F",26.88,6.75,15
"SURV_84","2/27/2012",58,"new","newriver","scio","M1",48.73,49.21,53
"SURV_85","2/27/2012",58,"new","sink","scio","F",35.72,16.55,37
"SURV_86","2/27/2012",58,"new","sink","scio","M1",43.37,31.69,40
"SURV_87","2/27/2012",58,"new","sink","scio","M2",24.36,5.58,12
"SURV_88","2/27/2012",58,"new","spruce","scio","M2",21.34,3.99,29
"SURV_89","2/27/2012",58,"new","lilstoney","scio","M2",19.26,2.38,16
"SURV_90","2/27/2012",58,"new","sink","scio","M2",29.64,9.63,16
"SURV_91","2/27/2012",58,"new","sink","scio","M2",26.21,7.05,26
"SURV_92","2/27/2012",58,"new","spruce","scio","F",33.8,13.94,10
"SURV_93","2/27/2012",58,"new","spruce","scio","M2",22.03,3.61,20
"SURV_94","2/27/2012",58,"new","bigstoney","scio","F",33.08,14.28,5
"SURV_95","2/27/2012",58,"new","sink","scio","F",35.09,15.3,10
"SURV_96","2/27/2012",58,"new","spruce","scio","F",36.59,18.7,12
"SURV_97","2/27/2012",58,"new","bigstoney","scio","F",29.49,9.04,90
"SURV_98","2/27/2012",58,"new","bigstoney","scio","F",33.52,14.43,24
"SURV_99","2/27/2012",58,"new","sink","scio","F",40.25,20.25,6
